id,y
10001,3.1415
10002,3.1415
10003,3.1415
10004,3.1415
10005,3.1415
10006,3.1415
10007,3.1415
10008,3.1415
10009,3.1415
10010,3.1415
10011,3.1415
10012,3.1415
10013,3.1415
10014,3.1415
10015,3.1415
10016,3.1415
10017,3.1415
10018,3.1415
10019,3.1415
10020,3.1415
10021,3.1415
10022,3.1415
10023,3.1415
10024,3.1415
10025,3.1415
10026,3.1415
10027,3.1415
10028,3.1415
10029,3.1415
10030,3.1415
10031,3.1415
10032,3.1415
10033,3.1415
10034,3.1415
10035,3.1415
10036,3.1415
10037,3.1415
10038,3.1415
10039,3.1415
10040,3.1415
10041,3.1415
10042,3.1415
10043,3.1415
10044,3.1415
10045,3.1415
10046,3.1415
10047,3.1415
10048,3.1415
10049,3.1415
10050,3.1415
10051,3.1415
10052,3.1415
10053,3.1415
10054,3.1415
10055,3.1415
10056,3.1415
10057,3.1415
10058,3.1415
10059,3.1415
10060,3.1415
10061,3.1415
10062,3.1415
10063,3.1415
10064,3.1415
10065,3.1415
10066,3.1415
10067,3.1415
10068,3.1415
10069,3.1415
10070,3.1415
10071,3.1415
10072,3.1415
10073,3.1415
10074,3.1415
10075,3.1415
10076,3.1415
10077,3.1415
10078,3.1415
10079,3.1415
10080,3.1415
10081,3.1415
10082,3.1415
10083,3.1415
10084,3.1415
10085,3.1415
10086,3.1415
10087,3.1415
10088,3.1415
10089,3.1415
10090,3.1415
10091,3.1415
10092,3.1415
10093,3.1415
10094,3.1415
10095,3.1415
10096,3.1415
10097,3.1415
10098,3.1415
10099,3.1415
10100,3.1415
10101,3.1415
10102,3.1415
10103,3.1415
10104,3.1415
10105,3.1415
10106,3.1415
10107,3.1415
10108,3.1415
10109,3.1415
10110,3.1415
10111,3.1415
10112,3.1415
10113,3.1415
10114,3.1415
10115,3.1415
10116,3.1415
10117,3.1415
10118,3.1415
10119,3.1415
10120,3.1415
10121,3.1415
10122,3.1415
10123,3.1415
10124,3.1415
10125,3.1415
10126,3.1415
10127,3.1415
10128,3.1415
10129,3.1415
10130,3.1415
10131,3.1415
10132,3.1415
10133,3.1415
10134,3.1415
10135,3.1415
10136,3.1415
10137,3.1415
10138,3.1415
10139,3.1415
10140,3.1415
10141,3.1415
10142,3.1415
10143,3.1415
10144,3.1415
10145,3.1415
10146,3.1415
10147,3.1415
10148,3.1415
10149,3.1415
10150,3.1415
10151,3.1415
10152,3.1415
10153,3.1415
10154,3.1415
10155,3.1415
10156,3.1415
10157,3.1415
10158,3.1415
10159,3.1415
10160,3.1415
10161,3.1415
10162,3.1415
10163,3.1415
10164,3.1415
10165,3.1415
10166,3.1415
10167,3.1415
10168,3.1415
10169,3.1415
10170,3.1415
10171,3.1415
10172,3.1415
10173,3.1415
10174,3.1415
10175,3.1415
10176,3.1415
10177,3.1415
10178,3.1415
10179,3.1415
10180,3.1415
10181,3.1415
10182,3.1415
10183,3.1415
10184,3.1415
10185,3.1415
10186,3.1415
10187,3.1415
10188,3.1415
10189,3.1415
10190,3.1415
10191,3.1415
10192,3.1415
10193,3.1415
10194,3.1415
10195,3.1415
10196,3.1415
10197,3.1415
10198,3.1415
10199,3.1415
10200,3.1415
10201,3.1415
10202,3.1415
10203,3.1415
10204,3.1415
10205,3.1415
10206,3.1415
10207,3.1415
10208,3.1415
10209,3.1415
10210,3.1415
10211,3.1415
10212,3.1415
10213,3.1415
10214,3.1415
10215,3.1415
10216,3.1415
10217,3.1415
10218,3.1415
10219,3.1415
10220,3.1415
10221,3.1415
10222,3.1415
10223,3.1415
10224,3.1415
10225,3.1415
10226,3.1415
10227,3.1415
10228,3.1415
10229,3.1415
10230,3.1415
10231,3.1415
10232,3.1415
10233,3.1415
10234,3.1415
10235,3.1415
10236,3.1415
10237,3.1415
10238,3.1415
10239,3.1415
10240,3.1415
10241,3.1415
10242,3.1415
10243,3.1415
10244,3.1415
10245,3.1415
10246,3.1415
10247,3.1415
10248,3.1415
10249,3.1415
10250,3.1415
10251,3.1415
10252,3.1415
10253,3.1415
10254,3.1415
10255,3.1415
10256,3.1415
10257,3.1415
10258,3.1415
10259,3.1415
10260,3.1415
10261,3.1415
10262,3.1415
10263,3.1415
10264,3.1415
10265,3.1415
10266,3.1415
10267,3.1415
10268,3.1415
10269,3.1415
10270,3.1415
10271,3.1415
10272,3.1415
10273,3.1415
10274,3.1415
10275,3.1415
10276,3.1415
10277,3.1415
10278,3.1415
10279,3.1415
10280,3.1415
10281,3.1415
10282,3.1415
10283,3.1415
10284,3.1415
10285,3.1415
10286,3.1415
10287,3.1415
10288,3.1415
10289,3.1415
10290,3.1415
10291,3.1415
10292,3.1415
10293,3.1415
10294,3.1415
10295,3.1415
10296,3.1415
10297,3.1415
10298,3.1415
10299,3.1415
10300,3.1415
10301,3.1415
10302,3.1415
10303,3.1415
10304,3.1415
10305,3.1415
10306,3.1415
10307,3.1415
10308,3.1415
10309,3.1415
10310,3.1415
10311,3.1415
10312,3.1415
10313,3.1415
10314,3.1415
10315,3.1415
10316,3.1415
10317,3.1415
10318,3.1415
10319,3.1415
10320,3.1415
10321,3.1415
10322,3.1415
10323,3.1415
10324,3.1415
10325,3.1415
10326,3.1415
10327,3.1415
10328,3.1415
10329,3.1415
10330,3.1415
10331,3.1415
10332,3.1415
10333,3.1415
10334,3.1415
10335,3.1415
10336,3.1415
10337,3.1415
10338,3.1415
10339,3.1415
10340,3.1415
10341,3.1415
10342,3.1415
10343,3.1415
10344,3.1415
10345,3.1415
10346,3.1415
10347,3.1415
10348,3.1415
10349,3.1415
10350,3.1415
10351,3.1415
10352,3.1415
10353,3.1415
10354,3.1415
10355,3.1415
10356,3.1415
10357,3.1415
10358,3.1415
10359,3.1415
10360,3.1415
10361,3.1415
10362,3.1415
10363,3.1415
10364,3.1415
10365,3.1415
10366,3.1415
10367,3.1415
10368,3.1415
10369,3.1415
10370,3.1415
10371,3.1415
10372,3.1415
10373,3.1415
10374,3.1415
10375,3.1415
10376,3.1415
10377,3.1415
10378,3.1415
10379,3.1415
10380,3.1415
10381,3.1415
10382,3.1415
10383,3.1415
10384,3.1415
10385,3.1415
10386,3.1415
10387,3.1415
10388,3.1415
10389,3.1415
10390,3.1415
10391,3.1415
10392,3.1415
10393,3.1415
10394,3.1415
10395,3.1415
10396,3.1415
10397,3.1415
10398,3.1415
10399,3.1415
10400,3.1415
10401,3.1415
10402,3.1415
10403,3.1415
10404,3.1415
10405,3.1415
10406,3.1415
10407,3.1415
10408,3.1415
10409,3.1415
10410,3.1415
10411,3.1415
10412,3.1415
10413,3.1415
10414,3.1415
10415,3.1415
10416,3.1415
10417,3.1415
10418,3.1415
10419,3.1415
10420,3.1415
10421,3.1415
10422,3.1415
10423,3.1415
10424,3.1415
10425,3.1415
10426,3.1415
10427,3.1415
10428,3.1415
10429,3.1415
10430,3.1415
10431,3.1415
10432,3.1415
10433,3.1415
10434,3.1415
10435,3.1415
10436,3.1415
10437,3.1415
10438,3.1415
10439,3.1415
10440,3.1415
10441,3.1415
10442,3.1415
10443,3.1415
10444,3.1415
10445,3.1415
10446,3.1415
10447,3.1415
10448,3.1415
10449,3.1415
10450,3.1415
10451,3.1415
10452,3.1415
10453,3.1415
10454,3.1415
10455,3.1415
10456,3.1415
10457,3.1415
10458,3.1415
10459,3.1415
10460,3.1415
10461,3.1415
10462,3.1415
10463,3.1415
10464,3.1415
10465,3.1415
10466,3.1415
10467,3.1415
10468,3.1415
10469,3.1415
10470,3.1415
10471,3.1415
10472,3.1415
10473,3.1415
10474,3.1415
10475,3.1415
10476,3.1415
10477,3.1415
10478,3.1415
10479,3.1415
10480,3.1415
10481,3.1415
10482,3.1415
10483,3.1415
10484,3.1415
10485,3.1415
10486,3.1415
10487,3.1415
10488,3.1415
10489,3.1415
10490,3.1415
10491,3.1415
10492,3.1415
10493,3.1415
10494,3.1415
10495,3.1415
10496,3.1415
10497,3.1415
10498,3.1415
10499,3.1415
10500,3.1415
10501,3.1415
10502,3.1415
10503,3.1415
10504,3.1415
10505,3.1415
10506,3.1415
10507,3.1415
10508,3.1415
10509,3.1415
10510,3.1415
10511,3.1415
10512,3.1415
10513,3.1415
10514,3.1415
10515,3.1415
10516,3.1415
10517,3.1415
10518,3.1415
10519,3.1415
10520,3.1415
10521,3.1415
10522,3.1415
10523,3.1415
10524,3.1415
10525,3.1415
10526,3.1415
10527,3.1415
10528,3.1415
10529,3.1415
10530,3.1415
10531,3.1415
10532,3.1415
10533,3.1415
10534,3.1415
10535,3.1415
10536,3.1415
10537,3.1415
10538,3.1415
10539,3.1415
10540,3.1415
10541,3.1415
10542,3.1415
10543,3.1415
10544,3.1415
10545,3.1415
10546,3.1415
10547,3.1415
10548,3.1415
10549,3.1415
10550,3.1415
10551,3.1415
10552,3.1415
10553,3.1415
10554,3.1415
10555,3.1415
10556,3.1415
10557,3.1415
10558,3.1415
10559,3.1415
10560,3.1415
10561,3.1415
10562,3.1415
10563,3.1415
10564,3.1415
10565,3.1415
10566,3.1415
10567,3.1415
10568,3.1415
10569,3.1415
10570,3.1415
10571,3.1415
10572,3.1415
10573,3.1415
10574,3.1415
10575,3.1415
10576,3.1415
10577,3.1415
10578,3.1415
10579,3.1415
10580,3.1415
10581,3.1415
10582,3.1415
10583,3.1415
10584,3.1415
10585,3.1415
10586,3.1415
10587,3.1415
10588,3.1415
10589,3.1415
10590,3.1415
10591,3.1415
10592,3.1415
10593,3.1415
10594,3.1415
10595,3.1415
10596,3.1415
10597,3.1415
10598,3.1415
10599,3.1415
10600,3.1415
10601,3.1415
10602,3.1415
10603,3.1415
10604,3.1415
10605,3.1415
10606,3.1415
10607,3.1415
10608,3.1415
10609,3.1415
10610,3.1415
10611,3.1415
10612,3.1415
10613,3.1415
10614,3.1415
10615,3.1415
10616,3.1415
10617,3.1415
10618,3.1415
10619,3.1415
10620,3.1415
10621,3.1415
10622,3.1415
10623,3.1415
10624,3.1415
10625,3.1415
10626,3.1415
10627,3.1415
10628,3.1415
10629,3.1415
10630,3.1415
10631,3.1415
10632,3.1415
10633,3.1415
10634,3.1415
10635,3.1415
10636,3.1415
10637,3.1415
10638,3.1415
10639,3.1415
10640,3.1415
10641,3.1415
10642,3.1415
10643,3.1415
10644,3.1415
10645,3.1415
10646,3.1415
10647,3.1415
10648,3.1415
10649,3.1415
10650,3.1415
10651,3.1415
10652,3.1415
10653,3.1415
10654,3.1415
10655,3.1415
10656,3.1415
10657,3.1415
10658,3.1415
10659,3.1415
10660,3.1415
10661,3.1415
10662,3.1415
10663,3.1415
10664,3.1415
10665,3.1415
10666,3.1415
10667,3.1415
10668,3.1415
10669,3.1415
10670,3.1415
10671,3.1415
10672,3.1415
10673,3.1415
10674,3.1415
10675,3.1415
10676,3.1415
10677,3.1415
10678,3.1415
10679,3.1415
10680,3.1415
10681,3.1415
10682,3.1415
10683,3.1415
10684,3.1415
10685,3.1415
10686,3.1415
10687,3.1415
10688,3.1415
10689,3.1415
10690,3.1415
10691,3.1415
10692,3.1415
10693,3.1415
10694,3.1415
10695,3.1415
10696,3.1415
10697,3.1415
10698,3.1415
10699,3.1415
10700,3.1415
10701,3.1415
10702,3.1415
10703,3.1415
10704,3.1415
10705,3.1415
10706,3.1415
10707,3.1415
10708,3.1415
10709,3.1415
10710,3.1415
10711,3.1415
10712,3.1415
10713,3.1415
10714,3.1415
10715,3.1415
10716,3.1415
10717,3.1415
10718,3.1415
10719,3.1415
10720,3.1415
10721,3.1415
10722,3.1415
10723,3.1415
10724,3.1415
10725,3.1415
10726,3.1415
10727,3.1415
10728,3.1415
10729,3.1415
10730,3.1415
10731,3.1415
10732,3.1415
10733,3.1415
10734,3.1415
10735,3.1415
10736,3.1415
10737,3.1415
10738,3.1415
10739,3.1415
10740,3.1415
10741,3.1415
10742,3.1415
10743,3.1415
10744,3.1415
10745,3.1415
10746,3.1415
10747,3.1415
10748,3.1415
10749,3.1415
10750,3.1415
10751,3.1415
10752,3.1415
10753,3.1415
10754,3.1415
10755,3.1415
10756,3.1415
10757,3.1415
10758,3.1415
10759,3.1415
10760,3.1415
10761,3.1415
10762,3.1415
10763,3.1415
10764,3.1415
10765,3.1415
10766,3.1415
10767,3.1415
10768,3.1415
10769,3.1415
10770,3.1415
10771,3.1415
10772,3.1415
10773,3.1415
10774,3.1415
10775,3.1415
10776,3.1415
10777,3.1415
10778,3.1415
10779,3.1415
10780,3.1415
10781,3.1415
10782,3.1415
10783,3.1415
10784,3.1415
10785,3.1415
10786,3.1415
10787,3.1415
10788,3.1415
10789,3.1415
10790,3.1415
10791,3.1415
10792,3.1415
10793,3.1415
10794,3.1415
10795,3.1415
10796,3.1415
10797,3.1415
10798,3.1415
10799,3.1415
10800,3.1415
10801,3.1415
10802,3.1415
10803,3.1415
10804,3.1415
10805,3.1415
10806,3.1415
10807,3.1415
10808,3.1415
10809,3.1415
10810,3.1415
10811,3.1415
10812,3.1415
10813,3.1415
10814,3.1415
10815,3.1415
10816,3.1415
10817,3.1415
10818,3.1415
10819,3.1415
10820,3.1415
10821,3.1415
10822,3.1415
10823,3.1415
10824,3.1415
10825,3.1415
10826,3.1415
10827,3.1415
10828,3.1415
10829,3.1415
10830,3.1415
10831,3.1415
10832,3.1415
10833,3.1415
10834,3.1415
10835,3.1415
10836,3.1415
10837,3.1415
10838,3.1415
10839,3.1415
10840,3.1415
10841,3.1415
10842,3.1415
10843,3.1415
10844,3.1415
10845,3.1415
10846,3.1415
10847,3.1415
10848,3.1415
10849,3.1415
10850,3.1415
10851,3.1415
10852,3.1415
10853,3.1415
10854,3.1415
10855,3.1415
10856,3.1415
10857,3.1415
10858,3.1415
10859,3.1415
10860,3.1415
10861,3.1415
10862,3.1415
10863,3.1415
10864,3.1415
10865,3.1415
10866,3.1415
10867,3.1415
10868,3.1415
10869,3.1415
10870,3.1415
10871,3.1415
10872,3.1415
10873,3.1415
10874,3.1415
10875,3.1415
10876,3.1415
10877,3.1415
10878,3.1415
10879,3.1415
10880,3.1415
10881,3.1415
10882,3.1415
10883,3.1415
10884,3.1415
10885,3.1415
10886,3.1415
10887,3.1415
10888,3.1415
10889,3.1415
10890,3.1415
10891,3.1415
10892,3.1415
10893,3.1415
10894,3.1415
10895,3.1415
10896,3.1415
10897,3.1415
10898,3.1415
10899,3.1415
10900,3.1415
10901,3.1415
10902,3.1415
10903,3.1415
10904,3.1415
10905,3.1415
10906,3.1415
10907,3.1415
10908,3.1415
10909,3.1415
10910,3.1415
10911,3.1415
10912,3.1415
10913,3.1415
10914,3.1415
10915,3.1415
10916,3.1415
10917,3.1415
10918,3.1415
10919,3.1415
10920,3.1415
10921,3.1415
10922,3.1415
10923,3.1415
10924,3.1415
10925,3.1415
10926,3.1415
10927,3.1415
10928,3.1415
10929,3.1415
10930,3.1415
10931,3.1415
10932,3.1415
10933,3.1415
10934,3.1415
10935,3.1415
10936,3.1415
10937,3.1415
10938,3.1415
10939,3.1415
10940,3.1415
10941,3.1415
10942,3.1415
10943,3.1415
10944,3.1415
10945,3.1415
10946,3.1415
10947,3.1415
10948,3.1415
10949,3.1415
10950,3.1415
10951,3.1415
10952,3.1415
10953,3.1415
10954,3.1415
10955,3.1415
10956,3.1415
10957,3.1415
10958,3.1415
10959,3.1415
10960,3.1415
10961,3.1415
10962,3.1415
10963,3.1415
10964,3.1415
10965,3.1415
10966,3.1415
10967,3.1415
10968,3.1415
10969,3.1415
10970,3.1415
10971,3.1415
10972,3.1415
10973,3.1415
10974,3.1415
10975,3.1415
10976,3.1415
10977,3.1415
10978,3.1415
10979,3.1415
10980,3.1415
10981,3.1415
10982,3.1415
10983,3.1415
10984,3.1415
10985,3.1415
10986,3.1415
10987,3.1415
10988,3.1415
10989,3.1415
10990,3.1415
10991,3.1415
10992,3.1415
10993,3.1415
10994,3.1415
10995,3.1415
10996,3.1415
10997,3.1415
10998,3.1415
10999,3.1415
11000,3.1415
11001,3.1415
11002,3.1415
11003,3.1415
11004,3.1415
11005,3.1415
11006,3.1415
11007,3.1415
11008,3.1415
11009,3.1415
11010,3.1415
11011,3.1415
11012,3.1415
11013,3.1415
11014,3.1415
11015,3.1415
11016,3.1415
11017,3.1415
11018,3.1415
11019,3.1415
11020,3.1415
11021,3.1415
11022,3.1415
11023,3.1415
11024,3.1415
11025,3.1415
11026,3.1415
11027,3.1415
11028,3.1415
11029,3.1415
11030,3.1415
11031,3.1415
11032,3.1415
11033,3.1415
11034,3.1415
11035,3.1415
11036,3.1415
11037,3.1415
11038,3.1415
11039,3.1415
11040,3.1415
11041,3.1415
11042,3.1415
11043,3.1415
11044,3.1415
11045,3.1415
11046,3.1415
11047,3.1415
11048,3.1415
11049,3.1415
11050,3.1415
11051,3.1415
11052,3.1415
11053,3.1415
11054,3.1415
11055,3.1415
11056,3.1415
11057,3.1415
11058,3.1415
11059,3.1415
11060,3.1415
11061,3.1415
11062,3.1415
11063,3.1415
11064,3.1415
11065,3.1415
11066,3.1415
11067,3.1415
11068,3.1415
11069,3.1415
11070,3.1415
11071,3.1415
11072,3.1415
11073,3.1415
11074,3.1415
11075,3.1415
11076,3.1415
11077,3.1415
11078,3.1415
11079,3.1415
11080,3.1415
11081,3.1415
11082,3.1415
11083,3.1415
11084,3.1415
11085,3.1415
11086,3.1415
11087,3.1415
11088,3.1415
11089,3.1415
11090,3.1415
11091,3.1415
11092,3.1415
11093,3.1415
11094,3.1415
11095,3.1415
11096,3.1415
11097,3.1415
11098,3.1415
11099,3.1415
11100,3.1415
11101,3.1415
11102,3.1415
11103,3.1415
11104,3.1415
11105,3.1415
11106,3.1415
11107,3.1415
11108,3.1415
11109,3.1415
11110,3.1415
11111,3.1415
11112,3.1415
11113,3.1415
11114,3.1415
11115,3.1415
11116,3.1415
11117,3.1415
11118,3.1415
11119,3.1415
11120,3.1415
11121,3.1415
11122,3.1415
11123,3.1415
11124,3.1415
11125,3.1415
11126,3.1415
11127,3.1415
11128,3.1415
11129,3.1415
11130,3.1415
11131,3.1415
11132,3.1415
11133,3.1415
11134,3.1415
11135,3.1415
11136,3.1415
11137,3.1415
11138,3.1415
11139,3.1415
11140,3.1415
11141,3.1415
11142,3.1415
11143,3.1415
11144,3.1415
11145,3.1415
11146,3.1415
11147,3.1415
11148,3.1415
11149,3.1415
11150,3.1415
11151,3.1415
11152,3.1415
11153,3.1415
11154,3.1415
11155,3.1415
11156,3.1415
11157,3.1415
11158,3.1415
11159,3.1415
11160,3.1415
11161,3.1415
11162,3.1415
11163,3.1415
11164,3.1415
11165,3.1415
11166,3.1415
11167,3.1415
11168,3.1415
11169,3.1415
11170,3.1415
11171,3.1415
11172,3.1415
11173,3.1415
11174,3.1415
11175,3.1415
11176,3.1415
11177,3.1415
11178,3.1415
11179,3.1415
11180,3.1415
11181,3.1415
11182,3.1415
11183,3.1415
11184,3.1415
11185,3.1415
11186,3.1415
11187,3.1415
11188,3.1415
11189,3.1415
11190,3.1415
11191,3.1415
11192,3.1415
11193,3.1415
11194,3.1415
11195,3.1415
11196,3.1415
11197,3.1415
11198,3.1415
11199,3.1415
11200,3.1415
11201,3.1415
11202,3.1415
11203,3.1415
11204,3.1415
11205,3.1415
11206,3.1415
11207,3.1415
11208,3.1415
11209,3.1415
11210,3.1415
11211,3.1415
11212,3.1415
11213,3.1415
11214,3.1415
11215,3.1415
11216,3.1415
11217,3.1415
11218,3.1415
11219,3.1415
11220,3.1415
11221,3.1415
11222,3.1415
11223,3.1415
11224,3.1415
11225,3.1415
11226,3.1415
11227,3.1415
11228,3.1415
11229,3.1415
11230,3.1415
11231,3.1415
11232,3.1415
11233,3.1415
11234,3.1415
11235,3.1415
11236,3.1415
11237,3.1415
11238,3.1415
11239,3.1415
11240,3.1415
11241,3.1415
11242,3.1415
11243,3.1415
11244,3.1415
11245,3.1415
11246,3.1415
11247,3.1415
11248,3.1415
11249,3.1415
11250,3.1415
11251,3.1415
11252,3.1415
11253,3.1415
11254,3.1415
11255,3.1415
11256,3.1415
11257,3.1415
11258,3.1415
11259,3.1415
11260,3.1415
11261,3.1415
11262,3.1415
11263,3.1415
11264,3.1415
11265,3.1415
11266,3.1415
11267,3.1415
11268,3.1415
11269,3.1415
11270,3.1415
11271,3.1415
11272,3.1415
11273,3.1415
11274,3.1415
11275,3.1415
11276,3.1415
11277,3.1415
11278,3.1415
11279,3.1415
11280,3.1415
11281,3.1415
11282,3.1415
11283,3.1415
11284,3.1415
11285,3.1415
11286,3.1415
11287,3.1415
11288,3.1415
11289,3.1415
11290,3.1415
11291,3.1415
11292,3.1415
11293,3.1415
11294,3.1415
11295,3.1415
11296,3.1415
11297,3.1415
11298,3.1415
11299,3.1415
11300,3.1415
11301,3.1415
11302,3.1415
11303,3.1415
11304,3.1415
11305,3.1415
11306,3.1415
11307,3.1415
11308,3.1415
11309,3.1415
11310,3.1415
11311,3.1415
11312,3.1415
11313,3.1415
11314,3.1415
11315,3.1415
11316,3.1415
11317,3.1415
11318,3.1415
11319,3.1415
11320,3.1415
11321,3.1415
11322,3.1415
11323,3.1415
11324,3.1415
11325,3.1415
11326,3.1415
11327,3.1415
11328,3.1415
11329,3.1415
11330,3.1415
11331,3.1415
11332,3.1415
11333,3.1415
11334,3.1415
11335,3.1415
11336,3.1415
11337,3.1415
11338,3.1415
11339,3.1415
11340,3.1415
11341,3.1415
11342,3.1415
11343,3.1415
11344,3.1415
11345,3.1415
11346,3.1415
11347,3.1415
11348,3.1415
11349,3.1415
11350,3.1415
11351,3.1415
11352,3.1415
11353,3.1415
11354,3.1415
11355,3.1415
11356,3.1415
11357,3.1415
11358,3.1415
11359,3.1415
11360,3.1415
11361,3.1415
11362,3.1415
11363,3.1415
11364,3.1415
11365,3.1415
11366,3.1415
11367,3.1415
11368,3.1415
11369,3.1415
11370,3.1415
11371,3.1415
11372,3.1415
11373,3.1415
11374,3.1415
11375,3.1415
11376,3.1415
11377,3.1415
11378,3.1415
11379,3.1415
11380,3.1415
11381,3.1415
11382,3.1415
11383,3.1415
11384,3.1415
11385,3.1415
11386,3.1415
11387,3.1415
11388,3.1415
11389,3.1415
11390,3.1415
11391,3.1415
11392,3.1415
11393,3.1415
11394,3.1415
11395,3.1415
11396,3.1415
11397,3.1415
11398,3.1415
11399,3.1415
11400,3.1415
11401,3.1415
11402,3.1415
11403,3.1415
11404,3.1415
11405,3.1415
11406,3.1415
11407,3.1415
11408,3.1415
11409,3.1415
11410,3.1415
11411,3.1415
11412,3.1415
11413,3.1415
11414,3.1415
11415,3.1415
11416,3.1415
11417,3.1415
11418,3.1415
11419,3.1415
11420,3.1415
11421,3.1415
11422,3.1415
11423,3.1415
11424,3.1415
11425,3.1415
11426,3.1415
11427,3.1415
11428,3.1415
11429,3.1415
11430,3.1415
11431,3.1415
11432,3.1415
11433,3.1415
11434,3.1415
11435,3.1415
11436,3.1415
11437,3.1415
11438,3.1415
11439,3.1415
11440,3.1415
11441,3.1415
11442,3.1415
11443,3.1415
11444,3.1415
11445,3.1415
11446,3.1415
11447,3.1415
11448,3.1415
11449,3.1415
11450,3.1415
11451,3.1415
11452,3.1415
11453,3.1415
11454,3.1415
11455,3.1415
11456,3.1415
11457,3.1415
11458,3.1415
11459,3.1415
11460,3.1415
11461,3.1415
11462,3.1415
11463,3.1415
11464,3.1415
11465,3.1415
11466,3.1415
11467,3.1415
11468,3.1415
11469,3.1415
11470,3.1415
11471,3.1415
11472,3.1415
11473,3.1415
11474,3.1415
11475,3.1415
11476,3.1415
11477,3.1415
11478,3.1415
11479,3.1415
11480,3.1415
11481,3.1415
11482,3.1415
11483,3.1415
11484,3.1415
11485,3.1415
11486,3.1415
11487,3.1415
11488,3.1415
11489,3.1415
11490,3.1415
11491,3.1415
11492,3.1415
11493,3.1415
11494,3.1415
11495,3.1415
11496,3.1415
11497,3.1415
11498,3.1415
11499,3.1415
11500,3.1415
11501,3.1415
11502,3.1415
11503,3.1415
11504,3.1415
11505,3.1415
11506,3.1415
11507,3.1415
11508,3.1415
11509,3.1415
11510,3.1415
11511,3.1415
11512,3.1415
11513,3.1415
11514,3.1415
11515,3.1415
11516,3.1415
11517,3.1415
11518,3.1415
11519,3.1415
11520,3.1415
11521,3.1415
11522,3.1415
11523,3.1415
11524,3.1415
11525,3.1415
11526,3.1415
11527,3.1415
11528,3.1415
11529,3.1415
11530,3.1415
11531,3.1415
11532,3.1415
11533,3.1415
11534,3.1415
11535,3.1415
11536,3.1415
11537,3.1415
11538,3.1415
11539,3.1415
11540,3.1415
11541,3.1415
11542,3.1415
11543,3.1415
11544,3.1415
11545,3.1415
11546,3.1415
11547,3.1415
11548,3.1415
11549,3.1415
11550,3.1415
11551,3.1415
11552,3.1415
11553,3.1415
11554,3.1415
11555,3.1415
11556,3.1415
11557,3.1415
11558,3.1415
11559,3.1415
11560,3.1415
11561,3.1415
11562,3.1415
11563,3.1415
11564,3.1415
11565,3.1415
11566,3.1415
11567,3.1415
11568,3.1415
11569,3.1415
11570,3.1415
11571,3.1415
11572,3.1415
11573,3.1415
11574,3.1415
11575,3.1415
11576,3.1415
11577,3.1415
11578,3.1415
11579,3.1415
11580,3.1415
11581,3.1415
11582,3.1415
11583,3.1415
11584,3.1415
11585,3.1415
11586,3.1415
11587,3.1415
11588,3.1415
11589,3.1415
11590,3.1415
11591,3.1415
11592,3.1415
11593,3.1415
11594,3.1415
11595,3.1415
11596,3.1415
11597,3.1415
11598,3.1415
11599,3.1415
11600,3.1415
11601,3.1415
11602,3.1415
11603,3.1415
11604,3.1415
11605,3.1415
11606,3.1415
11607,3.1415
11608,3.1415
11609,3.1415
11610,3.1415
11611,3.1415
11612,3.1415
11613,3.1415
11614,3.1415
11615,3.1415
11616,3.1415
11617,3.1415
11618,3.1415
11619,3.1415
11620,3.1415
11621,3.1415
11622,3.1415
11623,3.1415
11624,3.1415
11625,3.1415
11626,3.1415
11627,3.1415
11628,3.1415
11629,3.1415
11630,3.1415
11631,3.1415
11632,3.1415
11633,3.1415
11634,3.1415
11635,3.1415
11636,3.1415
11637,3.1415
11638,3.1415
11639,3.1415
11640,3.1415
11641,3.1415
11642,3.1415
11643,3.1415
11644,3.1415
11645,3.1415
11646,3.1415
11647,3.1415
11648,3.1415
11649,3.1415
11650,3.1415
11651,3.1415
11652,3.1415
11653,3.1415
11654,3.1415
11655,3.1415
11656,3.1415
11657,3.1415
11658,3.1415
11659,3.1415
11660,3.1415
11661,3.1415
11662,3.1415
11663,3.1415
11664,3.1415
11665,3.1415
11666,3.1415
11667,3.1415
11668,3.1415
11669,3.1415
11670,3.1415
11671,3.1415
11672,3.1415
11673,3.1415
11674,3.1415
11675,3.1415
11676,3.1415
11677,3.1415
11678,3.1415
11679,3.1415
11680,3.1415
11681,3.1415
11682,3.1415
11683,3.1415
11684,3.1415
11685,3.1415
11686,3.1415
11687,3.1415
11688,3.1415
11689,3.1415
11690,3.1415
11691,3.1415
11692,3.1415
11693,3.1415
11694,3.1415
11695,3.1415
11696,3.1415
11697,3.1415
11698,3.1415
11699,3.1415
11700,3.1415
11701,3.1415
11702,3.1415
11703,3.1415
11704,3.1415
11705,3.1415
11706,3.1415
11707,3.1415
11708,3.1415
11709,3.1415
11710,3.1415
11711,3.1415
11712,3.1415
11713,3.1415
11714,3.1415
11715,3.1415
11716,3.1415
11717,3.1415
11718,3.1415
11719,3.1415
11720,3.1415
11721,3.1415
11722,3.1415
11723,3.1415
11724,3.1415
11725,3.1415
11726,3.1415
11727,3.1415
11728,3.1415
11729,3.1415
11730,3.1415
11731,3.1415
11732,3.1415
11733,3.1415
11734,3.1415
11735,3.1415
11736,3.1415
11737,3.1415
11738,3.1415
11739,3.1415
11740,3.1415
11741,3.1415
11742,3.1415
11743,3.1415
11744,3.1415
11745,3.1415
11746,3.1415
11747,3.1415
11748,3.1415
11749,3.1415
11750,3.1415
11751,3.1415
11752,3.1415
11753,3.1415
11754,3.1415
11755,3.1415
11756,3.1415
11757,3.1415
11758,3.1415
11759,3.1415
11760,3.1415
11761,3.1415
11762,3.1415
11763,3.1415
11764,3.1415
11765,3.1415
11766,3.1415
11767,3.1415
11768,3.1415
11769,3.1415
11770,3.1415
11771,3.1415
11772,3.1415
11773,3.1415
11774,3.1415
11775,3.1415
11776,3.1415
11777,3.1415
11778,3.1415
11779,3.1415
11780,3.1415
11781,3.1415
11782,3.1415
11783,3.1415
11784,3.1415
11785,3.1415
11786,3.1415
11787,3.1415
11788,3.1415
11789,3.1415
11790,3.1415
11791,3.1415
11792,3.1415
11793,3.1415
11794,3.1415
11795,3.1415
11796,3.1415
11797,3.1415
11798,3.1415
11799,3.1415
11800,3.1415
11801,3.1415
11802,3.1415
11803,3.1415
11804,3.1415
11805,3.1415
11806,3.1415
11807,3.1415
11808,3.1415
11809,3.1415
11810,3.1415
11811,3.1415
11812,3.1415
11813,3.1415
11814,3.1415
11815,3.1415
11816,3.1415
11817,3.1415
11818,3.1415
11819,3.1415
11820,3.1415
11821,3.1415
11822,3.1415
11823,3.1415
11824,3.1415
11825,3.1415
11826,3.1415
11827,3.1415
11828,3.1415
11829,3.1415
11830,3.1415
11831,3.1415
11832,3.1415
11833,3.1415
11834,3.1415
11835,3.1415
11836,3.1415
11837,3.1415
11838,3.1415
11839,3.1415
11840,3.1415
11841,3.1415
11842,3.1415
11843,3.1415
11844,3.1415
11845,3.1415
11846,3.1415
11847,3.1415
11848,3.1415
11849,3.1415
11850,3.1415
11851,3.1415
11852,3.1415
11853,3.1415
11854,3.1415
11855,3.1415
11856,3.1415
11857,3.1415
11858,3.1415
11859,3.1415
11860,3.1415
11861,3.1415
11862,3.1415
11863,3.1415
11864,3.1415
11865,3.1415
11866,3.1415
11867,3.1415
11868,3.1415
11869,3.1415
11870,3.1415
11871,3.1415
11872,3.1415
11873,3.1415
11874,3.1415
11875,3.1415
11876,3.1415
11877,3.1415
11878,3.1415
11879,3.1415
11880,3.1415
11881,3.1415
11882,3.1415
11883,3.1415
11884,3.1415
11885,3.1415
11886,3.1415
11887,3.1415
11888,3.1415
11889,3.1415
11890,3.1415
11891,3.1415
11892,3.1415
11893,3.1415
11894,3.1415
11895,3.1415
11896,3.1415
11897,3.1415
11898,3.1415
11899,3.1415
11900,3.1415
11901,3.1415
11902,3.1415
11903,3.1415
11904,3.1415
11905,3.1415
11906,3.1415
11907,3.1415
11908,3.1415
11909,3.1415
11910,3.1415
11911,3.1415
11912,3.1415
11913,3.1415
11914,3.1415
11915,3.1415
11916,3.1415
11917,3.1415
11918,3.1415
11919,3.1415
11920,3.1415
11921,3.1415
11922,3.1415
11923,3.1415
11924,3.1415
11925,3.1415
11926,3.1415
11927,3.1415
11928,3.1415
11929,3.1415
11930,3.1415
11931,3.1415
11932,3.1415
11933,3.1415
11934,3.1415
11935,3.1415
11936,3.1415
11937,3.1415
11938,3.1415
11939,3.1415
11940,3.1415
11941,3.1415
11942,3.1415
11943,3.1415
11944,3.1415
11945,3.1415
11946,3.1415
11947,3.1415
11948,3.1415
11949,3.1415
11950,3.1415
11951,3.1415
11952,3.1415
11953,3.1415
11954,3.1415
11955,3.1415
11956,3.1415
11957,3.1415
11958,3.1415
11959,3.1415
11960,3.1415
11961,3.1415
11962,3.1415
11963,3.1415
11964,3.1415
11965,3.1415
11966,3.1415
11967,3.1415
11968,3.1415
11969,3.1415
11970,3.1415
11971,3.1415
11972,3.1415
11973,3.1415
11974,3.1415
11975,3.1415
11976,3.1415
11977,3.1415
11978,3.1415
11979,3.1415
11980,3.1415
11981,3.1415
11982,3.1415
11983,3.1415
11984,3.1415
11985,3.1415
11986,3.1415
11987,3.1415
11988,3.1415
11989,3.1415
11990,3.1415
11991,3.1415
11992,3.1415
11993,3.1415
11994,3.1415
11995,3.1415
11996,3.1415
11997,3.1415
11998,3.1415
11999,3.1415
12000,3.1415
12001,3.1415
12002,3.1415
12003,3.1415
12004,3.1415
12005,3.1415
12006,3.1415
12007,3.1415
12008,3.1415
12009,3.1415
12010,3.1415
12011,3.1415
12012,3.1415
12013,3.1415
12014,3.1415
12015,3.1415
12016,3.1415
12017,3.1415
12018,3.1415
12019,3.1415
12020,3.1415
12021,3.1415
12022,3.1415
12023,3.1415
12024,3.1415
12025,3.1415
12026,3.1415
12027,3.1415
12028,3.1415
12029,3.1415
12030,3.1415
12031,3.1415
12032,3.1415
12033,3.1415
12034,3.1415
12035,3.1415
12036,3.1415
12037,3.1415
12038,3.1415
12039,3.1415
12040,3.1415
12041,3.1415
12042,3.1415
12043,3.1415
12044,3.1415
12045,3.1415
12046,3.1415
12047,3.1415
12048,3.1415
12049,3.1415
12050,3.1415
12051,3.1415
12052,3.1415
12053,3.1415
12054,3.1415
12055,3.1415
12056,3.1415
12057,3.1415
12058,3.1415
12059,3.1415
12060,3.1415
12061,3.1415
12062,3.1415
12063,3.1415
12064,3.1415
12065,3.1415
12066,3.1415
12067,3.1415
12068,3.1415
12069,3.1415
12070,3.1415
12071,3.1415
12072,3.1415
12073,3.1415
12074,3.1415
12075,3.1415
12076,3.1415
12077,3.1415
12078,3.1415
12079,3.1415
12080,3.1415
12081,3.1415
12082,3.1415
12083,3.1415
12084,3.1415
12085,3.1415
12086,3.1415
12087,3.1415
12088,3.1415
12089,3.1415
12090,3.1415
12091,3.1415
12092,3.1415
12093,3.1415
12094,3.1415
12095,3.1415
12096,3.1415
12097,3.1415
12098,3.1415
12099,3.1415
12100,3.1415
12101,3.1415
12102,3.1415
12103,3.1415
12104,3.1415
12105,3.1415
12106,3.1415
12107,3.1415
12108,3.1415
12109,3.1415
12110,3.1415
12111,3.1415
12112,3.1415
12113,3.1415
12114,3.1415
12115,3.1415
12116,3.1415
12117,3.1415
12118,3.1415
12119,3.1415
12120,3.1415
12121,3.1415
12122,3.1415
12123,3.1415
12124,3.1415
12125,3.1415
12126,3.1415
12127,3.1415
12128,3.1415
12129,3.1415
12130,3.1415
12131,3.1415
12132,3.1415
12133,3.1415
12134,3.1415
12135,3.1415
12136,3.1415
12137,3.1415
12138,3.1415
12139,3.1415
12140,3.1415
12141,3.1415
12142,3.1415
12143,3.1415
12144,3.1415
12145,3.1415
12146,3.1415
12147,3.1415
12148,3.1415
12149,3.1415
12150,3.1415
12151,3.1415
12152,3.1415
12153,3.1415
12154,3.1415
12155,3.1415
12156,3.1415
12157,3.1415
12158,3.1415
12159,3.1415
12160,3.1415
12161,3.1415
12162,3.1415
12163,3.1415
12164,3.1415
12165,3.1415
12166,3.1415
12167,3.1415
12168,3.1415
12169,3.1415
12170,3.1415
12171,3.1415
12172,3.1415
12173,3.1415
12174,3.1415
12175,3.1415
12176,3.1415
12177,3.1415
12178,3.1415
12179,3.1415
12180,3.1415
12181,3.1415
12182,3.1415
12183,3.1415
12184,3.1415
12185,3.1415
12186,3.1415
12187,3.1415
12188,3.1415
12189,3.1415
12190,3.1415
12191,3.1415
12192,3.1415
12193,3.1415
12194,3.1415
12195,3.1415
12196,3.1415
12197,3.1415
12198,3.1415
12199,3.1415
12200,3.1415
12201,3.1415
12202,3.1415
12203,3.1415
12204,3.1415
12205,3.1415
12206,3.1415
12207,3.1415
12208,3.1415
12209,3.1415
12210,3.1415
12211,3.1415
12212,3.1415
12213,3.1415
12214,3.1415
12215,3.1415
12216,3.1415
12217,3.1415
12218,3.1415
12219,3.1415
12220,3.1415
12221,3.1415
12222,3.1415
12223,3.1415
12224,3.1415
12225,3.1415
12226,3.1415
12227,3.1415
12228,3.1415
12229,3.1415
12230,3.1415
12231,3.1415
12232,3.1415
12233,3.1415
12234,3.1415
12235,3.1415
12236,3.1415
12237,3.1415
12238,3.1415
12239,3.1415
12240,3.1415
12241,3.1415
12242,3.1415
12243,3.1415
12244,3.1415
12245,3.1415
12246,3.1415
12247,3.1415
12248,3.1415
12249,3.1415
12250,3.1415
12251,3.1415
12252,3.1415
12253,3.1415
12254,3.1415
12255,3.1415
12256,3.1415
12257,3.1415
12258,3.1415
12259,3.1415
12260,3.1415
12261,3.1415
12262,3.1415
12263,3.1415
12264,3.1415
12265,3.1415
12266,3.1415
12267,3.1415
12268,3.1415
12269,3.1415
12270,3.1415
12271,3.1415
12272,3.1415
12273,3.1415
12274,3.1415
12275,3.1415
12276,3.1415
12277,3.1415
12278,3.1415
12279,3.1415
12280,3.1415
12281,3.1415
12282,3.1415
12283,3.1415
12284,3.1415
12285,3.1415
12286,3.1415
12287,3.1415
12288,3.1415
12289,3.1415
12290,3.1415
12291,3.1415
12292,3.1415
12293,3.1415
12294,3.1415
12295,3.1415
12296,3.1415
12297,3.1415
12298,3.1415
12299,3.1415
12300,3.1415
12301,3.1415
12302,3.1415
12303,3.1415
12304,3.1415
12305,3.1415
12306,3.1415
12307,3.1415
12308,3.1415
12309,3.1415
12310,3.1415
12311,3.1415
12312,3.1415
12313,3.1415
12314,3.1415
12315,3.1415
12316,3.1415
12317,3.1415
12318,3.1415
12319,3.1415
12320,3.1415
12321,3.1415
12322,3.1415
12323,3.1415
12324,3.1415
12325,3.1415
12326,3.1415
12327,3.1415
12328,3.1415
12329,3.1415
12330,3.1415
12331,3.1415
12332,3.1415
12333,3.1415
12334,3.1415
12335,3.1415
12336,3.1415
12337,3.1415
12338,3.1415
12339,3.1415
12340,3.1415
12341,3.1415
12342,3.1415
12343,3.1415
12344,3.1415
12345,3.1415
12346,3.1415
12347,3.1415
12348,3.1415
12349,3.1415
12350,3.1415
12351,3.1415
12352,3.1415
12353,3.1415
12354,3.1415
12355,3.1415
12356,3.1415
12357,3.1415
12358,3.1415
12359,3.1415
12360,3.1415
12361,3.1415
12362,3.1415
12363,3.1415
12364,3.1415
12365,3.1415
12366,3.1415
12367,3.1415
12368,3.1415
12369,3.1415
12370,3.1415
12371,3.1415
12372,3.1415
12373,3.1415
12374,3.1415
12375,3.1415
12376,3.1415
12377,3.1415
12378,3.1415
12379,3.1415
12380,3.1415
12381,3.1415
12382,3.1415
12383,3.1415
12384,3.1415
12385,3.1415
12386,3.1415
12387,3.1415
12388,3.1415
12389,3.1415
12390,3.1415
12391,3.1415
12392,3.1415
12393,3.1415
12394,3.1415
12395,3.1415
12396,3.1415
12397,3.1415
12398,3.1415
12399,3.1415
12400,3.1415
12401,3.1415
12402,3.1415
12403,3.1415
12404,3.1415
12405,3.1415
12406,3.1415
12407,3.1415
12408,3.1415
12409,3.1415
12410,3.1415
12411,3.1415
12412,3.1415
12413,3.1415
12414,3.1415
12415,3.1415
12416,3.1415
12417,3.1415
12418,3.1415
12419,3.1415
12420,3.1415
12421,3.1415
12422,3.1415
12423,3.1415
12424,3.1415
12425,3.1415
12426,3.1415
12427,3.1415
12428,3.1415
12429,3.1415
12430,3.1415
12431,3.1415
12432,3.1415
12433,3.1415
12434,3.1415
12435,3.1415
12436,3.1415
12437,3.1415
12438,3.1415
12439,3.1415
12440,3.1415
12441,3.1415
12442,3.1415
12443,3.1415
12444,3.1415
12445,3.1415
12446,3.1415
12447,3.1415
12448,3.1415
12449,3.1415
12450,3.1415
12451,3.1415
12452,3.1415
12453,3.1415
12454,3.1415
12455,3.1415
12456,3.1415
12457,3.1415
12458,3.1415
12459,3.1415
12460,3.1415
12461,3.1415
12462,3.1415
12463,3.1415
12464,3.1415
12465,3.1415
12466,3.1415
12467,3.1415
12468,3.1415
12469,3.1415
12470,3.1415
12471,3.1415
12472,3.1415
12473,3.1415
12474,3.1415
12475,3.1415
12476,3.1415
12477,3.1415
12478,3.1415
12479,3.1415
12480,3.1415
12481,3.1415
12482,3.1415
12483,3.1415
12484,3.1415
12485,3.1415
12486,3.1415
12487,3.1415
12488,3.1415
12489,3.1415
12490,3.1415
12491,3.1415
12492,3.1415
12493,3.1415
12494,3.1415
12495,3.1415
12496,3.1415
12497,3.1415
12498,3.1415
12499,3.1415
12500,3.1415
12501,3.1415
12502,3.1415
12503,3.1415
12504,3.1415
12505,3.1415
12506,3.1415
12507,3.1415
12508,3.1415
12509,3.1415
12510,3.1415
12511,3.1415
12512,3.1415
12513,3.1415
12514,3.1415
12515,3.1415
12516,3.1415
12517,3.1415
12518,3.1415
12519,3.1415
12520,3.1415
12521,3.1415
12522,3.1415
12523,3.1415
12524,3.1415
12525,3.1415
12526,3.1415
12527,3.1415
12528,3.1415
12529,3.1415
12530,3.1415
12531,3.1415
12532,3.1415
12533,3.1415
12534,3.1415
12535,3.1415
12536,3.1415
12537,3.1415
12538,3.1415
12539,3.1415
12540,3.1415
12541,3.1415
12542,3.1415
12543,3.1415
12544,3.1415
12545,3.1415
12546,3.1415
12547,3.1415
12548,3.1415
12549,3.1415
12550,3.1415
12551,3.1415
12552,3.1415
12553,3.1415
12554,3.1415
12555,3.1415
12556,3.1415
12557,3.1415
12558,3.1415
12559,3.1415
12560,3.1415
12561,3.1415
12562,3.1415
12563,3.1415
12564,3.1415
12565,3.1415
12566,3.1415
12567,3.1415
12568,3.1415
12569,3.1415
12570,3.1415
12571,3.1415
12572,3.1415
12573,3.1415
12574,3.1415
12575,3.1415
12576,3.1415
12577,3.1415
12578,3.1415
12579,3.1415
12580,3.1415
12581,3.1415
12582,3.1415
12583,3.1415
12584,3.1415
12585,3.1415
12586,3.1415
12587,3.1415
12588,3.1415
12589,3.1415
12590,3.1415
12591,3.1415
12592,3.1415
12593,3.1415
12594,3.1415
12595,3.1415
12596,3.1415
12597,3.1415
12598,3.1415
12599,3.1415
12600,3.1415
12601,3.1415
12602,3.1415
12603,3.1415
12604,3.1415
12605,3.1415
12606,3.1415
12607,3.1415
12608,3.1415
12609,3.1415
12610,3.1415
12611,3.1415
12612,3.1415
12613,3.1415
12614,3.1415
12615,3.1415
12616,3.1415
12617,3.1415
12618,3.1415
12619,3.1415
12620,3.1415
12621,3.1415
12622,3.1415
12623,3.1415
12624,3.1415
12625,3.1415
12626,3.1415
12627,3.1415
12628,3.1415
12629,3.1415
12630,3.1415
12631,3.1415
12632,3.1415
12633,3.1415
12634,3.1415
12635,3.1415
12636,3.1415
12637,3.1415
12638,3.1415
12639,3.1415
12640,3.1415
12641,3.1415
12642,3.1415
12643,3.1415
12644,3.1415
12645,3.1415
12646,3.1415
12647,3.1415
12648,3.1415
12649,3.1415
12650,3.1415
12651,3.1415
12652,3.1415
12653,3.1415
12654,3.1415
12655,3.1415
12656,3.1415
12657,3.1415
12658,3.1415
12659,3.1415
12660,3.1415
12661,3.1415
12662,3.1415
12663,3.1415
12664,3.1415
12665,3.1415
12666,3.1415
12667,3.1415
12668,3.1415
12669,3.1415
12670,3.1415
12671,3.1415
12672,3.1415
12673,3.1415
12674,3.1415
12675,3.1415
12676,3.1415
12677,3.1415
12678,3.1415
12679,3.1415
12680,3.1415
12681,3.1415
12682,3.1415
12683,3.1415
12684,3.1415
12685,3.1415
12686,3.1415
12687,3.1415
12688,3.1415
12689,3.1415
12690,3.1415
12691,3.1415
12692,3.1415
12693,3.1415
12694,3.1415
12695,3.1415
12696,3.1415
12697,3.1415
12698,3.1415
12699,3.1415
12700,3.1415
12701,3.1415
12702,3.1415
12703,3.1415
12704,3.1415
12705,3.1415
12706,3.1415
12707,3.1415
12708,3.1415
12709,3.1415
12710,3.1415
12711,3.1415
12712,3.1415
12713,3.1415
12714,3.1415
12715,3.1415
12716,3.1415
12717,3.1415
12718,3.1415
12719,3.1415
12720,3.1415
12721,3.1415
12722,3.1415
12723,3.1415
12724,3.1415
12725,3.1415
12726,3.1415
12727,3.1415
12728,3.1415
12729,3.1415
12730,3.1415
12731,3.1415
12732,3.1415
12733,3.1415
12734,3.1415
12735,3.1415
12736,3.1415
12737,3.1415
12738,3.1415
12739,3.1415
12740,3.1415
12741,3.1415
12742,3.1415
12743,3.1415
12744,3.1415
12745,3.1415
12746,3.1415
12747,3.1415
12748,3.1415
12749,3.1415
12750,3.1415
12751,3.1415
12752,3.1415
12753,3.1415
12754,3.1415
12755,3.1415
12756,3.1415
12757,3.1415
12758,3.1415
12759,3.1415
12760,3.1415
12761,3.1415
12762,3.1415
12763,3.1415
12764,3.1415
12765,3.1415
12766,3.1415
12767,3.1415
12768,3.1415
12769,3.1415
12770,3.1415
12771,3.1415
12772,3.1415
12773,3.1415
12774,3.1415
12775,3.1415
12776,3.1415
12777,3.1415
12778,3.1415
12779,3.1415
12780,3.1415
12781,3.1415
12782,3.1415
12783,3.1415
12784,3.1415
12785,3.1415
12786,3.1415
12787,3.1415
12788,3.1415
12789,3.1415
12790,3.1415
12791,3.1415
12792,3.1415
12793,3.1415
12794,3.1415
12795,3.1415
12796,3.1415
12797,3.1415
12798,3.1415
12799,3.1415
12800,3.1415
12801,3.1415
12802,3.1415
12803,3.1415
12804,3.1415
12805,3.1415
12806,3.1415
12807,3.1415
12808,3.1415
12809,3.1415
12810,3.1415
12811,3.1415
12812,3.1415
12813,3.1415
12814,3.1415
12815,3.1415
12816,3.1415
12817,3.1415
12818,3.1415
12819,3.1415
12820,3.1415
12821,3.1415
12822,3.1415
12823,3.1415
12824,3.1415
12825,3.1415
12826,3.1415
12827,3.1415
12828,3.1415
12829,3.1415
12830,3.1415
12831,3.1415
12832,3.1415
12833,3.1415
12834,3.1415
12835,3.1415
12836,3.1415
12837,3.1415
12838,3.1415
12839,3.1415
12840,3.1415
12841,3.1415
12842,3.1415
12843,3.1415
12844,3.1415
12845,3.1415
12846,3.1415
12847,3.1415
12848,3.1415
12849,3.1415
12850,3.1415
12851,3.1415
12852,3.1415
12853,3.1415
12854,3.1415
12855,3.1415
12856,3.1415
12857,3.1415
12858,3.1415
12859,3.1415
12860,3.1415
12861,3.1415
12862,3.1415
12863,3.1415
12864,3.1415
12865,3.1415
12866,3.1415
12867,3.1415
12868,3.1415
12869,3.1415
12870,3.1415
12871,3.1415
12872,3.1415
12873,3.1415
12874,3.1415
12875,3.1415
12876,3.1415
12877,3.1415
12878,3.1415
12879,3.1415
12880,3.1415
12881,3.1415
12882,3.1415
12883,3.1415
12884,3.1415
12885,3.1415
12886,3.1415
12887,3.1415
12888,3.1415
12889,3.1415
12890,3.1415
12891,3.1415
12892,3.1415
12893,3.1415
12894,3.1415
12895,3.1415
12896,3.1415
12897,3.1415
12898,3.1415
12899,3.1415
12900,3.1415
12901,3.1415
12902,3.1415
12903,3.1415
12904,3.1415
12905,3.1415
12906,3.1415
12907,3.1415
12908,3.1415
12909,3.1415
12910,3.1415
12911,3.1415
12912,3.1415
12913,3.1415
12914,3.1415
12915,3.1415
12916,3.1415
12917,3.1415
12918,3.1415
12919,3.1415
12920,3.1415
12921,3.1415
12922,3.1415
12923,3.1415
12924,3.1415
12925,3.1415
12926,3.1415
12927,3.1415
12928,3.1415
12929,3.1415
12930,3.1415
12931,3.1415
12932,3.1415
12933,3.1415
12934,3.1415
12935,3.1415
12936,3.1415
12937,3.1415
12938,3.1415
12939,3.1415
12940,3.1415
12941,3.1415
12942,3.1415
12943,3.1415
12944,3.1415
12945,3.1415
12946,3.1415
12947,3.1415
12948,3.1415
12949,3.1415
12950,3.1415
12951,3.1415
12952,3.1415
12953,3.1415
12954,3.1415
12955,3.1415
12956,3.1415
12957,3.1415
12958,3.1415
12959,3.1415
12960,3.1415
12961,3.1415
12962,3.1415
12963,3.1415
12964,3.1415
12965,3.1415
12966,3.1415
12967,3.1415
12968,3.1415
12969,3.1415
12970,3.1415
12971,3.1415
12972,3.1415
12973,3.1415
12974,3.1415
12975,3.1415
12976,3.1415
12977,3.1415
12978,3.1415
12979,3.1415
12980,3.1415
12981,3.1415
12982,3.1415
12983,3.1415
12984,3.1415
12985,3.1415
12986,3.1415
12987,3.1415
12988,3.1415
12989,3.1415
12990,3.1415
12991,3.1415
12992,3.1415
12993,3.1415
12994,3.1415
12995,3.1415
12996,3.1415
12997,3.1415
12998,3.1415
12999,3.1415
13000,3.1415
13001,3.1415
13002,3.1415
13003,3.1415
13004,3.1415
13005,3.1415
13006,3.1415
13007,3.1415
13008,3.1415
13009,3.1415
13010,3.1415
13011,3.1415
13012,3.1415
13013,3.1415
13014,3.1415
13015,3.1415
13016,3.1415
13017,3.1415
13018,3.1415
13019,3.1415
13020,3.1415
13021,3.1415
13022,3.1415
13023,3.1415
13024,3.1415
13025,3.1415
13026,3.1415
13027,3.1415
13028,3.1415
13029,3.1415
13030,3.1415
13031,3.1415
13032,3.1415
13033,3.1415
13034,3.1415
13035,3.1415
13036,3.1415
13037,3.1415
13038,3.1415
13039,3.1415
13040,3.1415
13041,3.1415
13042,3.1415
13043,3.1415
13044,3.1415
13045,3.1415
13046,3.1415
13047,3.1415
13048,3.1415
13049,3.1415
13050,3.1415
13051,3.1415
13052,3.1415
13053,3.1415
13054,3.1415
13055,3.1415
13056,3.1415
13057,3.1415
13058,3.1415
13059,3.1415
13060,3.1415
13061,3.1415
13062,3.1415
13063,3.1415
13064,3.1415
13065,3.1415
13066,3.1415
13067,3.1415
13068,3.1415
13069,3.1415
13070,3.1415
13071,3.1415
13072,3.1415
13073,3.1415
13074,3.1415
13075,3.1415
13076,3.1415
13077,3.1415
13078,3.1415
13079,3.1415
13080,3.1415
13081,3.1415
13082,3.1415
13083,3.1415
13084,3.1415
13085,3.1415
13086,3.1415
13087,3.1415
13088,3.1415
13089,3.1415
13090,3.1415
13091,3.1415
13092,3.1415
13093,3.1415
13094,3.1415
13095,3.1415
13096,3.1415
13097,3.1415
13098,3.1415
13099,3.1415
13100,3.1415
13101,3.1415
13102,3.1415
13103,3.1415
13104,3.1415
13105,3.1415
13106,3.1415
13107,3.1415
13108,3.1415
13109,3.1415
13110,3.1415
13111,3.1415
13112,3.1415
13113,3.1415
13114,3.1415
13115,3.1415
13116,3.1415
13117,3.1415
13118,3.1415
13119,3.1415
13120,3.1415
13121,3.1415
13122,3.1415
13123,3.1415
13124,3.1415
13125,3.1415
13126,3.1415
13127,3.1415
13128,3.1415
13129,3.1415
13130,3.1415
13131,3.1415
13132,3.1415
13133,3.1415
13134,3.1415
13135,3.1415
13136,3.1415
13137,3.1415
13138,3.1415
13139,3.1415
13140,3.1415
13141,3.1415
13142,3.1415
13143,3.1415
13144,3.1415
13145,3.1415
13146,3.1415
13147,3.1415
13148,3.1415
13149,3.1415
13150,3.1415
13151,3.1415
13152,3.1415
13153,3.1415
13154,3.1415
13155,3.1415
13156,3.1415
13157,3.1415
13158,3.1415
13159,3.1415
13160,3.1415
13161,3.1415
13162,3.1415
13163,3.1415
13164,3.1415
13165,3.1415
13166,3.1415
13167,3.1415
13168,3.1415
13169,3.1415
13170,3.1415
13171,3.1415
13172,3.1415
13173,3.1415
13174,3.1415
13175,3.1415
13176,3.1415
13177,3.1415
13178,3.1415
13179,3.1415
13180,3.1415
13181,3.1415
13182,3.1415
13183,3.1415
13184,3.1415
13185,3.1415
13186,3.1415
13187,3.1415
13188,3.1415
13189,3.1415
13190,3.1415
13191,3.1415
13192,3.1415
13193,3.1415
13194,3.1415
13195,3.1415
13196,3.1415
13197,3.1415
13198,3.1415
13199,3.1415
13200,3.1415
13201,3.1415
13202,3.1415
13203,3.1415
13204,3.1415
13205,3.1415
13206,3.1415
13207,3.1415
13208,3.1415
13209,3.1415
13210,3.1415
13211,3.1415
13212,3.1415
13213,3.1415
13214,3.1415
13215,3.1415
13216,3.1415
13217,3.1415
13218,3.1415
13219,3.1415
13220,3.1415
13221,3.1415
13222,3.1415
13223,3.1415
13224,3.1415
13225,3.1415
13226,3.1415
13227,3.1415
13228,3.1415
13229,3.1415
13230,3.1415
13231,3.1415
13232,3.1415
13233,3.1415
13234,3.1415
13235,3.1415
13236,3.1415
13237,3.1415
13238,3.1415
13239,3.1415
13240,3.1415
13241,3.1415
13242,3.1415
13243,3.1415
13244,3.1415
13245,3.1415
13246,3.1415
13247,3.1415
13248,3.1415
13249,3.1415
13250,3.1415
13251,3.1415
13252,3.1415
13253,3.1415
13254,3.1415
13255,3.1415
13256,3.1415
13257,3.1415
13258,3.1415
13259,3.1415
13260,3.1415
13261,3.1415
13262,3.1415
13263,3.1415
13264,3.1415
13265,3.1415
13266,3.1415
13267,3.1415
13268,3.1415
13269,3.1415
13270,3.1415
13271,3.1415
13272,3.1415
13273,3.1415
13274,3.1415
13275,3.1415
13276,3.1415
13277,3.1415
13278,3.1415
13279,3.1415
13280,3.1415
13281,3.1415
13282,3.1415
13283,3.1415
13284,3.1415
13285,3.1415
13286,3.1415
13287,3.1415
13288,3.1415
13289,3.1415
13290,3.1415
13291,3.1415
13292,3.1415
13293,3.1415
13294,3.1415
13295,3.1415
13296,3.1415
13297,3.1415
13298,3.1415
13299,3.1415
13300,3.1415
13301,3.1415
13302,3.1415
13303,3.1415
13304,3.1415
13305,3.1415
13306,3.1415
13307,3.1415
13308,3.1415
13309,3.1415
13310,3.1415
13311,3.1415
13312,3.1415
13313,3.1415
13314,3.1415
13315,3.1415
13316,3.1415
13317,3.1415
13318,3.1415
13319,3.1415
13320,3.1415
13321,3.1415
13322,3.1415
13323,3.1415
13324,3.1415
13325,3.1415
13326,3.1415
13327,3.1415
13328,3.1415
13329,3.1415
13330,3.1415
13331,3.1415
13332,3.1415
13333,3.1415
13334,3.1415
13335,3.1415
13336,3.1415
13337,3.1415
13338,3.1415
13339,3.1415
13340,3.1415
13341,3.1415
13342,3.1415
13343,3.1415
13344,3.1415
13345,3.1415
13346,3.1415
13347,3.1415
13348,3.1415
13349,3.1415
13350,3.1415
13351,3.1415
13352,3.1415
13353,3.1415
13354,3.1415
13355,3.1415
13356,3.1415
13357,3.1415
13358,3.1415
13359,3.1415
13360,3.1415
13361,3.1415
13362,3.1415
13363,3.1415
13364,3.1415
13365,3.1415
13366,3.1415
13367,3.1415
13368,3.1415
13369,3.1415
13370,3.1415
13371,3.1415
13372,3.1415
13373,3.1415
13374,3.1415
13375,3.1415
13376,3.1415
13377,3.1415
13378,3.1415
13379,3.1415
13380,3.1415
13381,3.1415
13382,3.1415
13383,3.1415
13384,3.1415
13385,3.1415
13386,3.1415
13387,3.1415
13388,3.1415
13389,3.1415
13390,3.1415
13391,3.1415
13392,3.1415
13393,3.1415
13394,3.1415
13395,3.1415
13396,3.1415
13397,3.1415
13398,3.1415
13399,3.1415
13400,3.1415
13401,3.1415
13402,3.1415
13403,3.1415
13404,3.1415
13405,3.1415
13406,3.1415
13407,3.1415
13408,3.1415
13409,3.1415
13410,3.1415
13411,3.1415
13412,3.1415
13413,3.1415
13414,3.1415
13415,3.1415
13416,3.1415
13417,3.1415
13418,3.1415
13419,3.1415
13420,3.1415
13421,3.1415
13422,3.1415
13423,3.1415
13424,3.1415
13425,3.1415
13426,3.1415
13427,3.1415
13428,3.1415
13429,3.1415
13430,3.1415
13431,3.1415
13432,3.1415
13433,3.1415
13434,3.1415
13435,3.1415
13436,3.1415
13437,3.1415
13438,3.1415
13439,3.1415
13440,3.1415
13441,3.1415
13442,3.1415
13443,3.1415
13444,3.1415
13445,3.1415
13446,3.1415
13447,3.1415
13448,3.1415
13449,3.1415
13450,3.1415
13451,3.1415
13452,3.1415
13453,3.1415
13454,3.1415
13455,3.1415
13456,3.1415
13457,3.1415
13458,3.1415
13459,3.1415
13460,3.1415
13461,3.1415
13462,3.1415
13463,3.1415
13464,3.1415
13465,3.1415
13466,3.1415
13467,3.1415
13468,3.1415
13469,3.1415
13470,3.1415
13471,3.1415
13472,3.1415
13473,3.1415
13474,3.1415
13475,3.1415
13476,3.1415
13477,3.1415
13478,3.1415
13479,3.1415
13480,3.1415
13481,3.1415
13482,3.1415
13483,3.1415
13484,3.1415
13485,3.1415
13486,3.1415
13487,3.1415
13488,3.1415
13489,3.1415
13490,3.1415
13491,3.1415
13492,3.1415
13493,3.1415
13494,3.1415
13495,3.1415
13496,3.1415
13497,3.1415
13498,3.1415
13499,3.1415
13500,3.1415
13501,3.1415
13502,3.1415
13503,3.1415
13504,3.1415
13505,3.1415
13506,3.1415
13507,3.1415
13508,3.1415
13509,3.1415
13510,3.1415
13511,3.1415
13512,3.1415
13513,3.1415
13514,3.1415
13515,3.1415
13516,3.1415
13517,3.1415
13518,3.1415
13519,3.1415
13520,3.1415
13521,3.1415
13522,3.1415
13523,3.1415
13524,3.1415
13525,3.1415
13526,3.1415
13527,3.1415
13528,3.1415
13529,3.1415
13530,3.1415
13531,3.1415
13532,3.1415
13533,3.1415
13534,3.1415
13535,3.1415
13536,3.1415
13537,3.1415
13538,3.1415
13539,3.1415
13540,3.1415
13541,3.1415
13542,3.1415
13543,3.1415
13544,3.1415
13545,3.1415
13546,3.1415
13547,3.1415
13548,3.1415
13549,3.1415
13550,3.1415
13551,3.1415
13552,3.1415
13553,3.1415
13554,3.1415
13555,3.1415
13556,3.1415
13557,3.1415
13558,3.1415
13559,3.1415
13560,3.1415
13561,3.1415
13562,3.1415
13563,3.1415
13564,3.1415
13565,3.1415
13566,3.1415
13567,3.1415
13568,3.1415
13569,3.1415
13570,3.1415
13571,3.1415
13572,3.1415
13573,3.1415
13574,3.1415
13575,3.1415
13576,3.1415
13577,3.1415
13578,3.1415
13579,3.1415
13580,3.1415
13581,3.1415
13582,3.1415
13583,3.1415
13584,3.1415
13585,3.1415
13586,3.1415
13587,3.1415
13588,3.1415
13589,3.1415
13590,3.1415
13591,3.1415
13592,3.1415
13593,3.1415
13594,3.1415
13595,3.1415
13596,3.1415
13597,3.1415
13598,3.1415
13599,3.1415
13600,3.1415
13601,3.1415
13602,3.1415
13603,3.1415
13604,3.1415
13605,3.1415
13606,3.1415
13607,3.1415
13608,3.1415
13609,3.1415
13610,3.1415
13611,3.1415
13612,3.1415
13613,3.1415
13614,3.1415
13615,3.1415
13616,3.1415
13617,3.1415
13618,3.1415
13619,3.1415
13620,3.1415
13621,3.1415
13622,3.1415
13623,3.1415
13624,3.1415
13625,3.1415
13626,3.1415
13627,3.1415
13628,3.1415
13629,3.1415
13630,3.1415
13631,3.1415
13632,3.1415
13633,3.1415
13634,3.1415
13635,3.1415
13636,3.1415
13637,3.1415
13638,3.1415
13639,3.1415
13640,3.1415
13641,3.1415
13642,3.1415
13643,3.1415
13644,3.1415
13645,3.1415
13646,3.1415
13647,3.1415
13648,3.1415
13649,3.1415
13650,3.1415
13651,3.1415
13652,3.1415
13653,3.1415
13654,3.1415
13655,3.1415
13656,3.1415
13657,3.1415
13658,3.1415
13659,3.1415
13660,3.1415
13661,3.1415
13662,3.1415
13663,3.1415
13664,3.1415
13665,3.1415
13666,3.1415
13667,3.1415
13668,3.1415
13669,3.1415
13670,3.1415
13671,3.1415
13672,3.1415
13673,3.1415
13674,3.1415
13675,3.1415
13676,3.1415
13677,3.1415
13678,3.1415
13679,3.1415
13680,3.1415
13681,3.1415
13682,3.1415
13683,3.1415
13684,3.1415
13685,3.1415
13686,3.1415
13687,3.1415
13688,3.1415
13689,3.1415
13690,3.1415
13691,3.1415
13692,3.1415
13693,3.1415
13694,3.1415
13695,3.1415
13696,3.1415
13697,3.1415
13698,3.1415
13699,3.1415
13700,3.1415
13701,3.1415
13702,3.1415
13703,3.1415
13704,3.1415
13705,3.1415
13706,3.1415
13707,3.1415
13708,3.1415
13709,3.1415
13710,3.1415
13711,3.1415
13712,3.1415
13713,3.1415
13714,3.1415
13715,3.1415
13716,3.1415
13717,3.1415
13718,3.1415
13719,3.1415
13720,3.1415
13721,3.1415
13722,3.1415
13723,3.1415
13724,3.1415
13725,3.1415
13726,3.1415
13727,3.1415
13728,3.1415
13729,3.1415
13730,3.1415
13731,3.1415
13732,3.1415
13733,3.1415
13734,3.1415
13735,3.1415
13736,3.1415
13737,3.1415
13738,3.1415
13739,3.1415
13740,3.1415
13741,3.1415
13742,3.1415
13743,3.1415
13744,3.1415
13745,3.1415
13746,3.1415
13747,3.1415
13748,3.1415
13749,3.1415
13750,3.1415
13751,3.1415
13752,3.1415
13753,3.1415
13754,3.1415
13755,3.1415
13756,3.1415
13757,3.1415
13758,3.1415
13759,3.1415
13760,3.1415
13761,3.1415
13762,3.1415
13763,3.1415
13764,3.1415
13765,3.1415
13766,3.1415
13767,3.1415
13768,3.1415
13769,3.1415
13770,3.1415
13771,3.1415
13772,3.1415
13773,3.1415
13774,3.1415
13775,3.1415
13776,3.1415
13777,3.1415
13778,3.1415
13779,3.1415
13780,3.1415
13781,3.1415
13782,3.1415
13783,3.1415
13784,3.1415
13785,3.1415
13786,3.1415
13787,3.1415
13788,3.1415
13789,3.1415
13790,3.1415
13791,3.1415
13792,3.1415
13793,3.1415
13794,3.1415
13795,3.1415
13796,3.1415
13797,3.1415
13798,3.1415
13799,3.1415
13800,3.1415
13801,3.1415
13802,3.1415
13803,3.1415
13804,3.1415
13805,3.1415
13806,3.1415
13807,3.1415
13808,3.1415
13809,3.1415
13810,3.1415
13811,3.1415
13812,3.1415
13813,3.1415
13814,3.1415
13815,3.1415
13816,3.1415
13817,3.1415
13818,3.1415
13819,3.1415
13820,3.1415
13821,3.1415
13822,3.1415
13823,3.1415
13824,3.1415
13825,3.1415
13826,3.1415
13827,3.1415
13828,3.1415
13829,3.1415
13830,3.1415
13831,3.1415
13832,3.1415
13833,3.1415
13834,3.1415
13835,3.1415
13836,3.1415
13837,3.1415
13838,3.1415
13839,3.1415
13840,3.1415
13841,3.1415
13842,3.1415
13843,3.1415
13844,3.1415
13845,3.1415
13846,3.1415
13847,3.1415
13848,3.1415
13849,3.1415
13850,3.1415
13851,3.1415
13852,3.1415
13853,3.1415
13854,3.1415
13855,3.1415
13856,3.1415
13857,3.1415
13858,3.1415
13859,3.1415
13860,3.1415
13861,3.1415
13862,3.1415
13863,3.1415
13864,3.1415
13865,3.1415
13866,3.1415
13867,3.1415
13868,3.1415
13869,3.1415
13870,3.1415
13871,3.1415
13872,3.1415
13873,3.1415
13874,3.1415
13875,3.1415
13876,3.1415
13877,3.1415
13878,3.1415
13879,3.1415
13880,3.1415
13881,3.1415
13882,3.1415
13883,3.1415
13884,3.1415
13885,3.1415
13886,3.1415
13887,3.1415
13888,3.1415
13889,3.1415
13890,3.1415
13891,3.1415
13892,3.1415
13893,3.1415
13894,3.1415
13895,3.1415
13896,3.1415
13897,3.1415
13898,3.1415
13899,3.1415
13900,3.1415
13901,3.1415
13902,3.1415
13903,3.1415
13904,3.1415
13905,3.1415
13906,3.1415
13907,3.1415
13908,3.1415
13909,3.1415
13910,3.1415
13911,3.1415
13912,3.1415
13913,3.1415
13914,3.1415
13915,3.1415
13916,3.1415
13917,3.1415
13918,3.1415
13919,3.1415
13920,3.1415
13921,3.1415
13922,3.1415
13923,3.1415
13924,3.1415
13925,3.1415
13926,3.1415
13927,3.1415
13928,3.1415
13929,3.1415
13930,3.1415
13931,3.1415
13932,3.1415
13933,3.1415
13934,3.1415
13935,3.1415
13936,3.1415
13937,3.1415
13938,3.1415
13939,3.1415
13940,3.1415
13941,3.1415
13942,3.1415
13943,3.1415
13944,3.1415
13945,3.1415
13946,3.1415
13947,3.1415
13948,3.1415
13949,3.1415
13950,3.1415
13951,3.1415
13952,3.1415
13953,3.1415
13954,3.1415
13955,3.1415
13956,3.1415
13957,3.1415
13958,3.1415
13959,3.1415
13960,3.1415
13961,3.1415
13962,3.1415
13963,3.1415
13964,3.1415
13965,3.1415
13966,3.1415
13967,3.1415
13968,3.1415
13969,3.1415
13970,3.1415
13971,3.1415
13972,3.1415
13973,3.1415
13974,3.1415
13975,3.1415
13976,3.1415
13977,3.1415
13978,3.1415
13979,3.1415
13980,3.1415
13981,3.1415
13982,3.1415
13983,3.1415
13984,3.1415
13985,3.1415
13986,3.1415
13987,3.1415
13988,3.1415
13989,3.1415
13990,3.1415
13991,3.1415
13992,3.1415
13993,3.1415
13994,3.1415
13995,3.1415
13996,3.1415
13997,3.1415
13998,3.1415
13999,3.1415
14000,3.1415
14001,3.1415
14002,3.1415
14003,3.1415
14004,3.1415
14005,3.1415
14006,3.1415
14007,3.1415
14008,3.1415
14009,3.1415
14010,3.1415
14011,3.1415
14012,3.1415
14013,3.1415
14014,3.1415
14015,3.1415
14016,3.1415
14017,3.1415
14018,3.1415
14019,3.1415
14020,3.1415
14021,3.1415
14022,3.1415
14023,3.1415
14024,3.1415
14025,3.1415
14026,3.1415
14027,3.1415
14028,3.1415
14029,3.1415
14030,3.1415
14031,3.1415
14032,3.1415
14033,3.1415
14034,3.1415
14035,3.1415
14036,3.1415
14037,3.1415
14038,3.1415
14039,3.1415
14040,3.1415
14041,3.1415
14042,3.1415
14043,3.1415
14044,3.1415
14045,3.1415
14046,3.1415
14047,3.1415
14048,3.1415
14049,3.1415
14050,3.1415
14051,3.1415
14052,3.1415
14053,3.1415
14054,3.1415
14055,3.1415
14056,3.1415
14057,3.1415
14058,3.1415
14059,3.1415
14060,3.1415
14061,3.1415
14062,3.1415
14063,3.1415
14064,3.1415
14065,3.1415
14066,3.1415
14067,3.1415
14068,3.1415
14069,3.1415
14070,3.1415
14071,3.1415
14072,3.1415
14073,3.1415
14074,3.1415
14075,3.1415
14076,3.1415
14077,3.1415
14078,3.1415
14079,3.1415
14080,3.1415
14081,3.1415
14082,3.1415
14083,3.1415
14084,3.1415
14085,3.1415
14086,3.1415
14087,3.1415
14088,3.1415
14089,3.1415
14090,3.1415
14091,3.1415
14092,3.1415
14093,3.1415
14094,3.1415
14095,3.1415
14096,3.1415
14097,3.1415
14098,3.1415
14099,3.1415
14100,3.1415
14101,3.1415
14102,3.1415
14103,3.1415
14104,3.1415
14105,3.1415
14106,3.1415
14107,3.1415
14108,3.1415
14109,3.1415
14110,3.1415
14111,3.1415
14112,3.1415
14113,3.1415
14114,3.1415
14115,3.1415
14116,3.1415
14117,3.1415
14118,3.1415
14119,3.1415
14120,3.1415
14121,3.1415
14122,3.1415
14123,3.1415
14124,3.1415
14125,3.1415
14126,3.1415
14127,3.1415
14128,3.1415
14129,3.1415
14130,3.1415
14131,3.1415
14132,3.1415
14133,3.1415
14134,3.1415
14135,3.1415
14136,3.1415
14137,3.1415
14138,3.1415
14139,3.1415
14140,3.1415
14141,3.1415
14142,3.1415
14143,3.1415
14144,3.1415
14145,3.1415
14146,3.1415
14147,3.1415
14148,3.1415
14149,3.1415
14150,3.1415
14151,3.1415
14152,3.1415
14153,3.1415
14154,3.1415
14155,3.1415
14156,3.1415
14157,3.1415
14158,3.1415
14159,3.1415
14160,3.1415
14161,3.1415
14162,3.1415
14163,3.1415
14164,3.1415
14165,3.1415
14166,3.1415
14167,3.1415
14168,3.1415
14169,3.1415
14170,3.1415
14171,3.1415
14172,3.1415
14173,3.1415
14174,3.1415
14175,3.1415
14176,3.1415
14177,3.1415
14178,3.1415
14179,3.1415
14180,3.1415
14181,3.1415
14182,3.1415
14183,3.1415
14184,3.1415
14185,3.1415
14186,3.1415
14187,3.1415
14188,3.1415
14189,3.1415
14190,3.1415
14191,3.1415
14192,3.1415
14193,3.1415
14194,3.1415
14195,3.1415
14196,3.1415
14197,3.1415
14198,3.1415
14199,3.1415
14200,3.1415
14201,3.1415
14202,3.1415
14203,3.1415
14204,3.1415
14205,3.1415
14206,3.1415
14207,3.1415
14208,3.1415
14209,3.1415
14210,3.1415
14211,3.1415
14212,3.1415
14213,3.1415
14214,3.1415
14215,3.1415
14216,3.1415
14217,3.1415
14218,3.1415
14219,3.1415
14220,3.1415
14221,3.1415
14222,3.1415
14223,3.1415
14224,3.1415
14225,3.1415
14226,3.1415
14227,3.1415
14228,3.1415
14229,3.1415
14230,3.1415
14231,3.1415
14232,3.1415
14233,3.1415
14234,3.1415
14235,3.1415
14236,3.1415
14237,3.1415
14238,3.1415
14239,3.1415
14240,3.1415
14241,3.1415
14242,3.1415
14243,3.1415
14244,3.1415
14245,3.1415
14246,3.1415
14247,3.1415
14248,3.1415
14249,3.1415
14250,3.1415
14251,3.1415
14252,3.1415
14253,3.1415
14254,3.1415
14255,3.1415
14256,3.1415
14257,3.1415
14258,3.1415
14259,3.1415
14260,3.1415
14261,3.1415
14262,3.1415
14263,3.1415
14264,3.1415
14265,3.1415
14266,3.1415
14267,3.1415
14268,3.1415
14269,3.1415
14270,3.1415
14271,3.1415
14272,3.1415
14273,3.1415
14274,3.1415
14275,3.1415
14276,3.1415
14277,3.1415
14278,3.1415
14279,3.1415
14280,3.1415
14281,3.1415
14282,3.1415
14283,3.1415
14284,3.1415
14285,3.1415
14286,3.1415
14287,3.1415
14288,3.1415
14289,3.1415
14290,3.1415
14291,3.1415
14292,3.1415
14293,3.1415
14294,3.1415
14295,3.1415
14296,3.1415
14297,3.1415
14298,3.1415
14299,3.1415
14300,3.1415
14301,3.1415
14302,3.1415
14303,3.1415
14304,3.1415
14305,3.1415
14306,3.1415
14307,3.1415
14308,3.1415
14309,3.1415
14310,3.1415
14311,3.1415
14312,3.1415
14313,3.1415
14314,3.1415
14315,3.1415
14316,3.1415
14317,3.1415
14318,3.1415
14319,3.1415
14320,3.1415
14321,3.1415
14322,3.1415
14323,3.1415
14324,3.1415
14325,3.1415
14326,3.1415
14327,3.1415
14328,3.1415
14329,3.1415
14330,3.1415
14331,3.1415
14332,3.1415
14333,3.1415
14334,3.1415
14335,3.1415
14336,3.1415
14337,3.1415
14338,3.1415
14339,3.1415
14340,3.1415
14341,3.1415
14342,3.1415
14343,3.1415
14344,3.1415
14345,3.1415
14346,3.1415
14347,3.1415
14348,3.1415
14349,3.1415
14350,3.1415
14351,3.1415
14352,3.1415
14353,3.1415
14354,3.1415
14355,3.1415
14356,3.1415
14357,3.1415
14358,3.1415
14359,3.1415
14360,3.1415
14361,3.1415
14362,3.1415
14363,3.1415
14364,3.1415
14365,3.1415
14366,3.1415
14367,3.1415
14368,3.1415
14369,3.1415
14370,3.1415
14371,3.1415
14372,3.1415
14373,3.1415
14374,3.1415
14375,3.1415
14376,3.1415
14377,3.1415
14378,3.1415
14379,3.1415
14380,3.1415
14381,3.1415
14382,3.1415
14383,3.1415
14384,3.1415
14385,3.1415
14386,3.1415
14387,3.1415
14388,3.1415
14389,3.1415
14390,3.1415
14391,3.1415
14392,3.1415
14393,3.1415
14394,3.1415
14395,3.1415
14396,3.1415
14397,3.1415
14398,3.1415
14399,3.1415
14400,3.1415
14401,3.1415
14402,3.1415
14403,3.1415
14404,3.1415
14405,3.1415
14406,3.1415
14407,3.1415
14408,3.1415
14409,3.1415
14410,3.1415
14411,3.1415
14412,3.1415
14413,3.1415
14414,3.1415
14415,3.1415
14416,3.1415
14417,3.1415
14418,3.1415
14419,3.1415
14420,3.1415
14421,3.1415
14422,3.1415
14423,3.1415
14424,3.1415
14425,3.1415
14426,3.1415
14427,3.1415
14428,3.1415
14429,3.1415
14430,3.1415
14431,3.1415
14432,3.1415
14433,3.1415
14434,3.1415
14435,3.1415
14436,3.1415
14437,3.1415
14438,3.1415
14439,3.1415
14440,3.1415
14441,3.1415
14442,3.1415
14443,3.1415
14444,3.1415
14445,3.1415
14446,3.1415
14447,3.1415
14448,3.1415
14449,3.1415
14450,3.1415
14451,3.1415
14452,3.1415
14453,3.1415
14454,3.1415
14455,3.1415
14456,3.1415
14457,3.1415
14458,3.1415
14459,3.1415
14460,3.1415
14461,3.1415
14462,3.1415
14463,3.1415
14464,3.1415
14465,3.1415
14466,3.1415
14467,3.1415
14468,3.1415
14469,3.1415
14470,3.1415
14471,3.1415
14472,3.1415
14473,3.1415
14474,3.1415
14475,3.1415
14476,3.1415
14477,3.1415
14478,3.1415
14479,3.1415
14480,3.1415
14481,3.1415
14482,3.1415
14483,3.1415
14484,3.1415
14485,3.1415
14486,3.1415
14487,3.1415
14488,3.1415
14489,3.1415
14490,3.1415
14491,3.1415
14492,3.1415
14493,3.1415
14494,3.1415
14495,3.1415
14496,3.1415
14497,3.1415
14498,3.1415
14499,3.1415
14500,3.1415
14501,3.1415
14502,3.1415
14503,3.1415
14504,3.1415
14505,3.1415
14506,3.1415
14507,3.1415
14508,3.1415
14509,3.1415
14510,3.1415
14511,3.1415
14512,3.1415
14513,3.1415
14514,3.1415
14515,3.1415
14516,3.1415
14517,3.1415
14518,3.1415
14519,3.1415
14520,3.1415
14521,3.1415
14522,3.1415
14523,3.1415
14524,3.1415
14525,3.1415
14526,3.1415
14527,3.1415
14528,3.1415
14529,3.1415
14530,3.1415
14531,3.1415
14532,3.1415
14533,3.1415
14534,3.1415
14535,3.1415
14536,3.1415
14537,3.1415
14538,3.1415
14539,3.1415
14540,3.1415
14541,3.1415
14542,3.1415
14543,3.1415
14544,3.1415
14545,3.1415
14546,3.1415
14547,3.1415
14548,3.1415
14549,3.1415
14550,3.1415
14551,3.1415
14552,3.1415
14553,3.1415
14554,3.1415
14555,3.1415
14556,3.1415
14557,3.1415
14558,3.1415
14559,3.1415
14560,3.1415
14561,3.1415
14562,3.1415
14563,3.1415
14564,3.1415
14565,3.1415
14566,3.1415
14567,3.1415
14568,3.1415
14569,3.1415
14570,3.1415
14571,3.1415
14572,3.1415
14573,3.1415
14574,3.1415
14575,3.1415
14576,3.1415
14577,3.1415
14578,3.1415
14579,3.1415
14580,3.1415
14581,3.1415
14582,3.1415
14583,3.1415
14584,3.1415
14585,3.1415
14586,3.1415
14587,3.1415
14588,3.1415
14589,3.1415
14590,3.1415
14591,3.1415
14592,3.1415
14593,3.1415
14594,3.1415
14595,3.1415
14596,3.1415
14597,3.1415
14598,3.1415
14599,3.1415
14600,3.1415
14601,3.1415
14602,3.1415
14603,3.1415
14604,3.1415
14605,3.1415
14606,3.1415
14607,3.1415
14608,3.1415
14609,3.1415
14610,3.1415
14611,3.1415
14612,3.1415
14613,3.1415
14614,3.1415
14615,3.1415
14616,3.1415
14617,3.1415
14618,3.1415
14619,3.1415
14620,3.1415
14621,3.1415
14622,3.1415
14623,3.1415
14624,3.1415
14625,3.1415
14626,3.1415
14627,3.1415
14628,3.1415
14629,3.1415
14630,3.1415
14631,3.1415
14632,3.1415
14633,3.1415
14634,3.1415
14635,3.1415
14636,3.1415
14637,3.1415
14638,3.1415
14639,3.1415
14640,3.1415
14641,3.1415
14642,3.1415
14643,3.1415
14644,3.1415
14645,3.1415
14646,3.1415
14647,3.1415
14648,3.1415
14649,3.1415
14650,3.1415
14651,3.1415
14652,3.1415
14653,3.1415
14654,3.1415
14655,3.1415
14656,3.1415
14657,3.1415
14658,3.1415
14659,3.1415
14660,3.1415
14661,3.1415
14662,3.1415
14663,3.1415
14664,3.1415
14665,3.1415
14666,3.1415
14667,3.1415
14668,3.1415
14669,3.1415
14670,3.1415
14671,3.1415
14672,3.1415
14673,3.1415
14674,3.1415
14675,3.1415
14676,3.1415
14677,3.1415
14678,3.1415
14679,3.1415
14680,3.1415
14681,3.1415
14682,3.1415
14683,3.1415
14684,3.1415
14685,3.1415
14686,3.1415
14687,3.1415
14688,3.1415
14689,3.1415
14690,3.1415
14691,3.1415
14692,3.1415
14693,3.1415
14694,3.1415
14695,3.1415
14696,3.1415
14697,3.1415
14698,3.1415
14699,3.1415
14700,3.1415
14701,3.1415
14702,3.1415
14703,3.1415
14704,3.1415
14705,3.1415
14706,3.1415
14707,3.1415
14708,3.1415
14709,3.1415
14710,3.1415
14711,3.1415
14712,3.1415
14713,3.1415
14714,3.1415
14715,3.1415
14716,3.1415
14717,3.1415
14718,3.1415
14719,3.1415
14720,3.1415
14721,3.1415
14722,3.1415
14723,3.1415
14724,3.1415
14725,3.1415
14726,3.1415
14727,3.1415
14728,3.1415
14729,3.1415
14730,3.1415
14731,3.1415
14732,3.1415
14733,3.1415
14734,3.1415
14735,3.1415
14736,3.1415
14737,3.1415
14738,3.1415
14739,3.1415
14740,3.1415
14741,3.1415
14742,3.1415
14743,3.1415
14744,3.1415
14745,3.1415
14746,3.1415
14747,3.1415
14748,3.1415
14749,3.1415
14750,3.1415
14751,3.1415
14752,3.1415
14753,3.1415
14754,3.1415
14755,3.1415
14756,3.1415
14757,3.1415
14758,3.1415
14759,3.1415
14760,3.1415
14761,3.1415
14762,3.1415
14763,3.1415
14764,3.1415
14765,3.1415
14766,3.1415
14767,3.1415
14768,3.1415
14769,3.1415
14770,3.1415
14771,3.1415
14772,3.1415
14773,3.1415
14774,3.1415
14775,3.1415
14776,3.1415
14777,3.1415
14778,3.1415
14779,3.1415
14780,3.1415
14781,3.1415
14782,3.1415
14783,3.1415
14784,3.1415
14785,3.1415
14786,3.1415
14787,3.1415
14788,3.1415
14789,3.1415
14790,3.1415
14791,3.1415
14792,3.1415
14793,3.1415
14794,3.1415
14795,3.1415
14796,3.1415
14797,3.1415
14798,3.1415
14799,3.1415
14800,3.1415
14801,3.1415
14802,3.1415
14803,3.1415
14804,3.1415
14805,3.1415
14806,3.1415
14807,3.1415
14808,3.1415
14809,3.1415
14810,3.1415
14811,3.1415
14812,3.1415
14813,3.1415
14814,3.1415
14815,3.1415
14816,3.1415
14817,3.1415
14818,3.1415
14819,3.1415
14820,3.1415
14821,3.1415
14822,3.1415
14823,3.1415
14824,3.1415
14825,3.1415
14826,3.1415
14827,3.1415
14828,3.1415
14829,3.1415
14830,3.1415
14831,3.1415
14832,3.1415
14833,3.1415
14834,3.1415
14835,3.1415
14836,3.1415
14837,3.1415
14838,3.1415
14839,3.1415
14840,3.1415
14841,3.1415
14842,3.1415
14843,3.1415
14844,3.1415
14845,3.1415
14846,3.1415
14847,3.1415
14848,3.1415
14849,3.1415
14850,3.1415
14851,3.1415
14852,3.1415
14853,3.1415
14854,3.1415
14855,3.1415
14856,3.1415
14857,3.1415
14858,3.1415
14859,3.1415
14860,3.1415
14861,3.1415
14862,3.1415
14863,3.1415
14864,3.1415
14865,3.1415
14866,3.1415
14867,3.1415
14868,3.1415
14869,3.1415
14870,3.1415
14871,3.1415
14872,3.1415
14873,3.1415
14874,3.1415
14875,3.1415
14876,3.1415
14877,3.1415
14878,3.1415
14879,3.1415
14880,3.1415
14881,3.1415
14882,3.1415
14883,3.1415
14884,3.1415
14885,3.1415
14886,3.1415
14887,3.1415
14888,3.1415
14889,3.1415
14890,3.1415
14891,3.1415
14892,3.1415
14893,3.1415
14894,3.1415
14895,3.1415
14896,3.1415
14897,3.1415
14898,3.1415
14899,3.1415
14900,3.1415
14901,3.1415
14902,3.1415
14903,3.1415
14904,3.1415
14905,3.1415
14906,3.1415
14907,3.1415
14908,3.1415
14909,3.1415
14910,3.1415
14911,3.1415
14912,3.1415
14913,3.1415
14914,3.1415
14915,3.1415
14916,3.1415
14917,3.1415
14918,3.1415
14919,3.1415
14920,3.1415
14921,3.1415
14922,3.1415
14923,3.1415
14924,3.1415
14925,3.1415
14926,3.1415
14927,3.1415
14928,3.1415
14929,3.1415
14930,3.1415
14931,3.1415
14932,3.1415
14933,3.1415
14934,3.1415
14935,3.1415
14936,3.1415
14937,3.1415
14938,3.1415
14939,3.1415
14940,3.1415
14941,3.1415
14942,3.1415
14943,3.1415
14944,3.1415
14945,3.1415
14946,3.1415
14947,3.1415
14948,3.1415
14949,3.1415
14950,3.1415
14951,3.1415
14952,3.1415
14953,3.1415
14954,3.1415
14955,3.1415
14956,3.1415
14957,3.1415
14958,3.1415
14959,3.1415
14960,3.1415
14961,3.1415
14962,3.1415
14963,3.1415
14964,3.1415
14965,3.1415
14966,3.1415
14967,3.1415
14968,3.1415
14969,3.1415
14970,3.1415
14971,3.1415
14972,3.1415
14973,3.1415
14974,3.1415
14975,3.1415
14976,3.1415
14977,3.1415
14978,3.1415
14979,3.1415
14980,3.1415
14981,3.1415
14982,3.1415
14983,3.1415
14984,3.1415
14985,3.1415
14986,3.1415
14987,3.1415
14988,3.1415
14989,3.1415
14990,3.1415
14991,3.1415
14992,3.1415
14993,3.1415
14994,3.1415
14995,3.1415
14996,3.1415
14997,3.1415
14998,3.1415
14999,3.1415
15000,3.1415
15001,3.1415
15002,3.1415
15003,3.1415
15004,3.1415
15005,3.1415
15006,3.1415
15007,3.1415
15008,3.1415
15009,3.1415
15010,3.1415
15011,3.1415
15012,3.1415
15013,3.1415
15014,3.1415
15015,3.1415
15016,3.1415
15017,3.1415
15018,3.1415
15019,3.1415
15020,3.1415
15021,3.1415
15022,3.1415
15023,3.1415
15024,3.1415
15025,3.1415
15026,3.1415
15027,3.1415
15028,3.1415
15029,3.1415
15030,3.1415
15031,3.1415
15032,3.1415
15033,3.1415
15034,3.1415
15035,3.1415
15036,3.1415
15037,3.1415
15038,3.1415
15039,3.1415
15040,3.1415
15041,3.1415
15042,3.1415
15043,3.1415
15044,3.1415
15045,3.1415
15046,3.1415
15047,3.1415
15048,3.1415
15049,3.1415
15050,3.1415
15051,3.1415
15052,3.1415
15053,3.1415
15054,3.1415
15055,3.1415
15056,3.1415
15057,3.1415
15058,3.1415
15059,3.1415
15060,3.1415
15061,3.1415
15062,3.1415
15063,3.1415
15064,3.1415
15065,3.1415
15066,3.1415
15067,3.1415
15068,3.1415
15069,3.1415
15070,3.1415
15071,3.1415
15072,3.1415
15073,3.1415
15074,3.1415
15075,3.1415
15076,3.1415
15077,3.1415
15078,3.1415
15079,3.1415
15080,3.1415
15081,3.1415
15082,3.1415
15083,3.1415
15084,3.1415
15085,3.1415
15086,3.1415
15087,3.1415
15088,3.1415
15089,3.1415
15090,3.1415
15091,3.1415
15092,3.1415
15093,3.1415
15094,3.1415
15095,3.1415
15096,3.1415
15097,3.1415
15098,3.1415
15099,3.1415
15100,3.1415
15101,3.1415
15102,3.1415
15103,3.1415
15104,3.1415
15105,3.1415
15106,3.1415
15107,3.1415
15108,3.1415
15109,3.1415
15110,3.1415
15111,3.1415
15112,3.1415
15113,3.1415
15114,3.1415
15115,3.1415
15116,3.1415
15117,3.1415
15118,3.1415
15119,3.1415
15120,3.1415
15121,3.1415
15122,3.1415
15123,3.1415
15124,3.1415
15125,3.1415
15126,3.1415
15127,3.1415
15128,3.1415
15129,3.1415
15130,3.1415
15131,3.1415
15132,3.1415
15133,3.1415
15134,3.1415
15135,3.1415
15136,3.1415
15137,3.1415
15138,3.1415
15139,3.1415
15140,3.1415
15141,3.1415
15142,3.1415
15143,3.1415
15144,3.1415
15145,3.1415
15146,3.1415
15147,3.1415
15148,3.1415
15149,3.1415
15150,3.1415
15151,3.1415
15152,3.1415
15153,3.1415
15154,3.1415
15155,3.1415
15156,3.1415
15157,3.1415
15158,3.1415
15159,3.1415
15160,3.1415
15161,3.1415
15162,3.1415
15163,3.1415
15164,3.1415
15165,3.1415
15166,3.1415
15167,3.1415
15168,3.1415
15169,3.1415
15170,3.1415
15171,3.1415
15172,3.1415
15173,3.1415
15174,3.1415
15175,3.1415
15176,3.1415
15177,3.1415
15178,3.1415
15179,3.1415
15180,3.1415
15181,3.1415
15182,3.1415
15183,3.1415
15184,3.1415
15185,3.1415
15186,3.1415
15187,3.1415
15188,3.1415
15189,3.1415
15190,3.1415
15191,3.1415
15192,3.1415
15193,3.1415
15194,3.1415
15195,3.1415
15196,3.1415
15197,3.1415
15198,3.1415
15199,3.1415
15200,3.1415
15201,3.1415
15202,3.1415
15203,3.1415
15204,3.1415
15205,3.1415
15206,3.1415
15207,3.1415
15208,3.1415
15209,3.1415
15210,3.1415
15211,3.1415
15212,3.1415
15213,3.1415
15214,3.1415
15215,3.1415
15216,3.1415
15217,3.1415
15218,3.1415
15219,3.1415
15220,3.1415
15221,3.1415
15222,3.1415
15223,3.1415
15224,3.1415
15225,3.1415
15226,3.1415
15227,3.1415
15228,3.1415
15229,3.1415
15230,3.1415
15231,3.1415
15232,3.1415
15233,3.1415
15234,3.1415
15235,3.1415
15236,3.1415
15237,3.1415
15238,3.1415
15239,3.1415
15240,3.1415
15241,3.1415
15242,3.1415
15243,3.1415
15244,3.1415
15245,3.1415
15246,3.1415
15247,3.1415
15248,3.1415
15249,3.1415
15250,3.1415
15251,3.1415
15252,3.1415
15253,3.1415
15254,3.1415
15255,3.1415
15256,3.1415
15257,3.1415
15258,3.1415
15259,3.1415
15260,3.1415
15261,3.1415
15262,3.1415
15263,3.1415
15264,3.1415
15265,3.1415
15266,3.1415
15267,3.1415
15268,3.1415
15269,3.1415
15270,3.1415
15271,3.1415
15272,3.1415
15273,3.1415
15274,3.1415
15275,3.1415
15276,3.1415
15277,3.1415
15278,3.1415
15279,3.1415
15280,3.1415
15281,3.1415
15282,3.1415
15283,3.1415
15284,3.1415
15285,3.1415
15286,3.1415
15287,3.1415
15288,3.1415
15289,3.1415
15290,3.1415
15291,3.1415
15292,3.1415
15293,3.1415
15294,3.1415
15295,3.1415
15296,3.1415
15297,3.1415
15298,3.1415
15299,3.1415
15300,3.1415
15301,3.1415
15302,3.1415
15303,3.1415
15304,3.1415
15305,3.1415
15306,3.1415
15307,3.1415
15308,3.1415
15309,3.1415
15310,3.1415
15311,3.1415
15312,3.1415
15313,3.1415
15314,3.1415
15315,3.1415
15316,3.1415
15317,3.1415
15318,3.1415
15319,3.1415
15320,3.1415
15321,3.1415
15322,3.1415
15323,3.1415
15324,3.1415
15325,3.1415
15326,3.1415
15327,3.1415
15328,3.1415
15329,3.1415
15330,3.1415
15331,3.1415
15332,3.1415
15333,3.1415
15334,3.1415
15335,3.1415
15336,3.1415
15337,3.1415
15338,3.1415
15339,3.1415
15340,3.1415
15341,3.1415
15342,3.1415
15343,3.1415
15344,3.1415
15345,3.1415
15346,3.1415
15347,3.1415
15348,3.1415
15349,3.1415
15350,3.1415
15351,3.1415
15352,3.1415
15353,3.1415
15354,3.1415
15355,3.1415
15356,3.1415
15357,3.1415
15358,3.1415
15359,3.1415
15360,3.1415
15361,3.1415
15362,3.1415
15363,3.1415
15364,3.1415
15365,3.1415
15366,3.1415
15367,3.1415
15368,3.1415
15369,3.1415
15370,3.1415
15371,3.1415
15372,3.1415
15373,3.1415
15374,3.1415
15375,3.1415
15376,3.1415
15377,3.1415
15378,3.1415
15379,3.1415
15380,3.1415
15381,3.1415
15382,3.1415
15383,3.1415
15384,3.1415
15385,3.1415
15386,3.1415
15387,3.1415
15388,3.1415
15389,3.1415
15390,3.1415
15391,3.1415
15392,3.1415
15393,3.1415
15394,3.1415
15395,3.1415
15396,3.1415
15397,3.1415
15398,3.1415
15399,3.1415
15400,3.1415
15401,3.1415
15402,3.1415
15403,3.1415
15404,3.1415
15405,3.1415
15406,3.1415
15407,3.1415
15408,3.1415
15409,3.1415
15410,3.1415
15411,3.1415
15412,3.1415
15413,3.1415
15414,3.1415
15415,3.1415
15416,3.1415
15417,3.1415
15418,3.1415
15419,3.1415
15420,3.1415
15421,3.1415
15422,3.1415
15423,3.1415
15424,3.1415
15425,3.1415
15426,3.1415
15427,3.1415
15428,3.1415
15429,3.1415
15430,3.1415
15431,3.1415
15432,3.1415
15433,3.1415
15434,3.1415
15435,3.1415
15436,3.1415
15437,3.1415
15438,3.1415
15439,3.1415
15440,3.1415
15441,3.1415
15442,3.1415
15443,3.1415
15444,3.1415
15445,3.1415
15446,3.1415
15447,3.1415
15448,3.1415
15449,3.1415
15450,3.1415
15451,3.1415
15452,3.1415
15453,3.1415
15454,3.1415
15455,3.1415
15456,3.1415
15457,3.1415
15458,3.1415
15459,3.1415
15460,3.1415
15461,3.1415
15462,3.1415
15463,3.1415
15464,3.1415
15465,3.1415
15466,3.1415
15467,3.1415
15468,3.1415
15469,3.1415
15470,3.1415
15471,3.1415
15472,3.1415
15473,3.1415
15474,3.1415
15475,3.1415
15476,3.1415
15477,3.1415
15478,3.1415
15479,3.1415
15480,3.1415
15481,3.1415
15482,3.1415
15483,3.1415
15484,3.1415
15485,3.1415
15486,3.1415
15487,3.1415
15488,3.1415
15489,3.1415
15490,3.1415
15491,3.1415
15492,3.1415
15493,3.1415
15494,3.1415
15495,3.1415
15496,3.1415
15497,3.1415
15498,3.1415
15499,3.1415
15500,3.1415
15501,3.1415
15502,3.1415
15503,3.1415
15504,3.1415
15505,3.1415
15506,3.1415
15507,3.1415
15508,3.1415
15509,3.1415
15510,3.1415
15511,3.1415
15512,3.1415
15513,3.1415
15514,3.1415
15515,3.1415
15516,3.1415
15517,3.1415
15518,3.1415
15519,3.1415
15520,3.1415
15521,3.1415
15522,3.1415
15523,3.1415
15524,3.1415
15525,3.1415
15526,3.1415
15527,3.1415
15528,3.1415
15529,3.1415
15530,3.1415
15531,3.1415
15532,3.1415
15533,3.1415
15534,3.1415
15535,3.1415
15536,3.1415
15537,3.1415
15538,3.1415
15539,3.1415
15540,3.1415
15541,3.1415
15542,3.1415
15543,3.1415
15544,3.1415
15545,3.1415
15546,3.1415
15547,3.1415
15548,3.1415
15549,3.1415
15550,3.1415
15551,3.1415
15552,3.1415
15553,3.1415
15554,3.1415
15555,3.1415
15556,3.1415
15557,3.1415
15558,3.1415
15559,3.1415
15560,3.1415
15561,3.1415
15562,3.1415
15563,3.1415
15564,3.1415
15565,3.1415
15566,3.1415
15567,3.1415
15568,3.1415
15569,3.1415
15570,3.1415
15571,3.1415
15572,3.1415
15573,3.1415
15574,3.1415
15575,3.1415
15576,3.1415
15577,3.1415
15578,3.1415
15579,3.1415
15580,3.1415
15581,3.1415
15582,3.1415
15583,3.1415
15584,3.1415
15585,3.1415
15586,3.1415
15587,3.1415
15588,3.1415
15589,3.1415
15590,3.1415
15591,3.1415
15592,3.1415
15593,3.1415
15594,3.1415
15595,3.1415
15596,3.1415
15597,3.1415
15598,3.1415
15599,3.1415
15600,3.1415
15601,3.1415
15602,3.1415
15603,3.1415
15604,3.1415
15605,3.1415
15606,3.1415
15607,3.1415
15608,3.1415
15609,3.1415
15610,3.1415
15611,3.1415
15612,3.1415
15613,3.1415
15614,3.1415
15615,3.1415
15616,3.1415
15617,3.1415
15618,3.1415
15619,3.1415
15620,3.1415
15621,3.1415
15622,3.1415
15623,3.1415
15624,3.1415
15625,3.1415
15626,3.1415
15627,3.1415
15628,3.1415
15629,3.1415
15630,3.1415
15631,3.1415
15632,3.1415
15633,3.1415
15634,3.1415
15635,3.1415
15636,3.1415
15637,3.1415
15638,3.1415
15639,3.1415
15640,3.1415
15641,3.1415
15642,3.1415
15643,3.1415
15644,3.1415
15645,3.1415
15646,3.1415
15647,3.1415
15648,3.1415
15649,3.1415
15650,3.1415
15651,3.1415
15652,3.1415
15653,3.1415
15654,3.1415
15655,3.1415
15656,3.1415
15657,3.1415
15658,3.1415
15659,3.1415
15660,3.1415
15661,3.1415
15662,3.1415
15663,3.1415
15664,3.1415
15665,3.1415
15666,3.1415
15667,3.1415
15668,3.1415
15669,3.1415
15670,3.1415
15671,3.1415
15672,3.1415
15673,3.1415
15674,3.1415
15675,3.1415
15676,3.1415
15677,3.1415
15678,3.1415
15679,3.1415
15680,3.1415
15681,3.1415
15682,3.1415
15683,3.1415
15684,3.1415
15685,3.1415
15686,3.1415
15687,3.1415
15688,3.1415
15689,3.1415
15690,3.1415
15691,3.1415
15692,3.1415
15693,3.1415
15694,3.1415
15695,3.1415
15696,3.1415
15697,3.1415
15698,3.1415
15699,3.1415
15700,3.1415
15701,3.1415
15702,3.1415
15703,3.1415
15704,3.1415
15705,3.1415
15706,3.1415
15707,3.1415
15708,3.1415
15709,3.1415
15710,3.1415
15711,3.1415
15712,3.1415
15713,3.1415
15714,3.1415
15715,3.1415
15716,3.1415
15717,3.1415
15718,3.1415
15719,3.1415
15720,3.1415
15721,3.1415
15722,3.1415
15723,3.1415
15724,3.1415
15725,3.1415
15726,3.1415
15727,3.1415
15728,3.1415
15729,3.1415
15730,3.1415
15731,3.1415
15732,3.1415
15733,3.1415
15734,3.1415
15735,3.1415
15736,3.1415
15737,3.1415
15738,3.1415
15739,3.1415
15740,3.1415
15741,3.1415
15742,3.1415
15743,3.1415
15744,3.1415
15745,3.1415
15746,3.1415
15747,3.1415
15748,3.1415
15749,3.1415
15750,3.1415
15751,3.1415
15752,3.1415
15753,3.1415
15754,3.1415
15755,3.1415
15756,3.1415
15757,3.1415
15758,3.1415
15759,3.1415
15760,3.1415
15761,3.1415
15762,3.1415
15763,3.1415
15764,3.1415
15765,3.1415
15766,3.1415
15767,3.1415
15768,3.1415
15769,3.1415
15770,3.1415
15771,3.1415
15772,3.1415
15773,3.1415
15774,3.1415
15775,3.1415
15776,3.1415
15777,3.1415
15778,3.1415
15779,3.1415
15780,3.1415
15781,3.1415
15782,3.1415
15783,3.1415
15784,3.1415
15785,3.1415
15786,3.1415
15787,3.1415
15788,3.1415
15789,3.1415
15790,3.1415
15791,3.1415
15792,3.1415
15793,3.1415
15794,3.1415
15795,3.1415
15796,3.1415
15797,3.1415
15798,3.1415
15799,3.1415
15800,3.1415
15801,3.1415
15802,3.1415
15803,3.1415
15804,3.1415
15805,3.1415
15806,3.1415
15807,3.1415
15808,3.1415
15809,3.1415
15810,3.1415
15811,3.1415
15812,3.1415
15813,3.1415
15814,3.1415
15815,3.1415
15816,3.1415
15817,3.1415
15818,3.1415
15819,3.1415
15820,3.1415
15821,3.1415
15822,3.1415
15823,3.1415
15824,3.1415
15825,3.1415
15826,3.1415
15827,3.1415
15828,3.1415
15829,3.1415
15830,3.1415
15831,3.1415
15832,3.1415
15833,3.1415
15834,3.1415
15835,3.1415
15836,3.1415
15837,3.1415
15838,3.1415
15839,3.1415
15840,3.1415
15841,3.1415
15842,3.1415
15843,3.1415
15844,3.1415
15845,3.1415
15846,3.1415
15847,3.1415
15848,3.1415
15849,3.1415
15850,3.1415
15851,3.1415
15852,3.1415
15853,3.1415
15854,3.1415
15855,3.1415
15856,3.1415
15857,3.1415
15858,3.1415
15859,3.1415
15860,3.1415
15861,3.1415
15862,3.1415
15863,3.1415
15864,3.1415
15865,3.1415
15866,3.1415
15867,3.1415
15868,3.1415
15869,3.1415
15870,3.1415
15871,3.1415
15872,3.1415
15873,3.1415
15874,3.1415
15875,3.1415
15876,3.1415
15877,3.1415
15878,3.1415
15879,3.1415
15880,3.1415
15881,3.1415
15882,3.1415
15883,3.1415
15884,3.1415
15885,3.1415
15886,3.1415
15887,3.1415
15888,3.1415
15889,3.1415
15890,3.1415
15891,3.1415
15892,3.1415
15893,3.1415
15894,3.1415
15895,3.1415
15896,3.1415
15897,3.1415
15898,3.1415
15899,3.1415
15900,3.1415
15901,3.1415
15902,3.1415
15903,3.1415
15904,3.1415
15905,3.1415
15906,3.1415
15907,3.1415
15908,3.1415
15909,3.1415
15910,3.1415
15911,3.1415
15912,3.1415
15913,3.1415
15914,3.1415
15915,3.1415
15916,3.1415
15917,3.1415
15918,3.1415
15919,3.1415
15920,3.1415
15921,3.1415
15922,3.1415
15923,3.1415
15924,3.1415
15925,3.1415
15926,3.1415
15927,3.1415
15928,3.1415
15929,3.1415
15930,3.1415
15931,3.1415
15932,3.1415
15933,3.1415
15934,3.1415
15935,3.1415
15936,3.1415
15937,3.1415
15938,3.1415
15939,3.1415
15940,3.1415
15941,3.1415
15942,3.1415
15943,3.1415
15944,3.1415
15945,3.1415
15946,3.1415
15947,3.1415
15948,3.1415
15949,3.1415
15950,3.1415
15951,3.1415
15952,3.1415
15953,3.1415
15954,3.1415
15955,3.1415
15956,3.1415
15957,3.1415
15958,3.1415
15959,3.1415
15960,3.1415
15961,3.1415
15962,3.1415
15963,3.1415
15964,3.1415
15965,3.1415
15966,3.1415
15967,3.1415
15968,3.1415
15969,3.1415
15970,3.1415
15971,3.1415
15972,3.1415
15973,3.1415
15974,3.1415
15975,3.1415
15976,3.1415
15977,3.1415
15978,3.1415
15979,3.1415
15980,3.1415
15981,3.1415
15982,3.1415
15983,3.1415
15984,3.1415
15985,3.1415
15986,3.1415
15987,3.1415
15988,3.1415
15989,3.1415
15990,3.1415
15991,3.1415
15992,3.1415
15993,3.1415
15994,3.1415
15995,3.1415
15996,3.1415
15997,3.1415
15998,3.1415
15999,3.1415
16000,3.1415
16001,3.1415
16002,3.1415
16003,3.1415
16004,3.1415
16005,3.1415
16006,3.1415
16007,3.1415
16008,3.1415
16009,3.1415
16010,3.1415
16011,3.1415
16012,3.1415
16013,3.1415
16014,3.1415
16015,3.1415
16016,3.1415
16017,3.1415
16018,3.1415
16019,3.1415
16020,3.1415
16021,3.1415
16022,3.1415
16023,3.1415
16024,3.1415
16025,3.1415
16026,3.1415
16027,3.1415
16028,3.1415
16029,3.1415
16030,3.1415
16031,3.1415
16032,3.1415
16033,3.1415
16034,3.1415
16035,3.1415
16036,3.1415
16037,3.1415
16038,3.1415
16039,3.1415
16040,3.1415
16041,3.1415
16042,3.1415
16043,3.1415
16044,3.1415
16045,3.1415
16046,3.1415
16047,3.1415
16048,3.1415
16049,3.1415
16050,3.1415
16051,3.1415
16052,3.1415
16053,3.1415
16054,3.1415
16055,3.1415
16056,3.1415
16057,3.1415
16058,3.1415
16059,3.1415
16060,3.1415
16061,3.1415
16062,3.1415
16063,3.1415
16064,3.1415
16065,3.1415
16066,3.1415
16067,3.1415
16068,3.1415
16069,3.1415
16070,3.1415
16071,3.1415
16072,3.1415
16073,3.1415
16074,3.1415
16075,3.1415
16076,3.1415
16077,3.1415
16078,3.1415
16079,3.1415
16080,3.1415
16081,3.1415
16082,3.1415
16083,3.1415
16084,3.1415
16085,3.1415
16086,3.1415
16087,3.1415
16088,3.1415
16089,3.1415
16090,3.1415
16091,3.1415
16092,3.1415
16093,3.1415
16094,3.1415
16095,3.1415
16096,3.1415
16097,3.1415
16098,3.1415
16099,3.1415
16100,3.1415
16101,3.1415
16102,3.1415
16103,3.1415
16104,3.1415
16105,3.1415
16106,3.1415
16107,3.1415
16108,3.1415
16109,3.1415
16110,3.1415
16111,3.1415
16112,3.1415
16113,3.1415
16114,3.1415
16115,3.1415
16116,3.1415
16117,3.1415
16118,3.1415
16119,3.1415
16120,3.1415
16121,3.1415
16122,3.1415
16123,3.1415
16124,3.1415
16125,3.1415
16126,3.1415
16127,3.1415
16128,3.1415
16129,3.1415
16130,3.1415
16131,3.1415
16132,3.1415
16133,3.1415
16134,3.1415
16135,3.1415
16136,3.1415
16137,3.1415
16138,3.1415
16139,3.1415
16140,3.1415
16141,3.1415
16142,3.1415
16143,3.1415
16144,3.1415
16145,3.1415
16146,3.1415
16147,3.1415
16148,3.1415
16149,3.1415
16150,3.1415
16151,3.1415
16152,3.1415
16153,3.1415
16154,3.1415
16155,3.1415
16156,3.1415
16157,3.1415
16158,3.1415
16159,3.1415
16160,3.1415
16161,3.1415
16162,3.1415
16163,3.1415
16164,3.1415
16165,3.1415
16166,3.1415
16167,3.1415
16168,3.1415
16169,3.1415
16170,3.1415
16171,3.1415
16172,3.1415
16173,3.1415
16174,3.1415
16175,3.1415
16176,3.1415
16177,3.1415
16178,3.1415
16179,3.1415
16180,3.1415
16181,3.1415
16182,3.1415
16183,3.1415
16184,3.1415
16185,3.1415
16186,3.1415
16187,3.1415
16188,3.1415
16189,3.1415
16190,3.1415
16191,3.1415
16192,3.1415
16193,3.1415
16194,3.1415
16195,3.1415
16196,3.1415
16197,3.1415
16198,3.1415
16199,3.1415
16200,3.1415
16201,3.1415
16202,3.1415
16203,3.1415
16204,3.1415
16205,3.1415
16206,3.1415
16207,3.1415
16208,3.1415
16209,3.1415
16210,3.1415
16211,3.1415
16212,3.1415
16213,3.1415
16214,3.1415
16215,3.1415
16216,3.1415
16217,3.1415
16218,3.1415
16219,3.1415
16220,3.1415
16221,3.1415
16222,3.1415
16223,3.1415
16224,3.1415
16225,3.1415
16226,3.1415
16227,3.1415
16228,3.1415
16229,3.1415
16230,3.1415
16231,3.1415
16232,3.1415
16233,3.1415
16234,3.1415
16235,3.1415
16236,3.1415
16237,3.1415
16238,3.1415
16239,3.1415
16240,3.1415
16241,3.1415
16242,3.1415
16243,3.1415
16244,3.1415
16245,3.1415
16246,3.1415
16247,3.1415
16248,3.1415
16249,3.1415
16250,3.1415
16251,3.1415
16252,3.1415
16253,3.1415
16254,3.1415
16255,3.1415
16256,3.1415
16257,3.1415
16258,3.1415
16259,3.1415
16260,3.1415
16261,3.1415
16262,3.1415
16263,3.1415
16264,3.1415
16265,3.1415
16266,3.1415
16267,3.1415
16268,3.1415
16269,3.1415
16270,3.1415
16271,3.1415
16272,3.1415
16273,3.1415
16274,3.1415
16275,3.1415
16276,3.1415
16277,3.1415
16278,3.1415
16279,3.1415
16280,3.1415
16281,3.1415
16282,3.1415
16283,3.1415
16284,3.1415
16285,3.1415
16286,3.1415
16287,3.1415
16288,3.1415
16289,3.1415
16290,3.1415
16291,3.1415
16292,3.1415
16293,3.1415
16294,3.1415
16295,3.1415
16296,3.1415
16297,3.1415
16298,3.1415
16299,3.1415
16300,3.1415
16301,3.1415
16302,3.1415
16303,3.1415
16304,3.1415
16305,3.1415
16306,3.1415
16307,3.1415
16308,3.1415
16309,3.1415
16310,3.1415
16311,3.1415
16312,3.1415
16313,3.1415
16314,3.1415
16315,3.1415
16316,3.1415
16317,3.1415
16318,3.1415
16319,3.1415
16320,3.1415
16321,3.1415
16322,3.1415
16323,3.1415
16324,3.1415
16325,3.1415
16326,3.1415
16327,3.1415
16328,3.1415
16329,3.1415
16330,3.1415
16331,3.1415
16332,3.1415
16333,3.1415
16334,3.1415
16335,3.1415
16336,3.1415
16337,3.1415
16338,3.1415
16339,3.1415
16340,3.1415
16341,3.1415
16342,3.1415
16343,3.1415
16344,3.1415
16345,3.1415
16346,3.1415
16347,3.1415
16348,3.1415
16349,3.1415
16350,3.1415
16351,3.1415
16352,3.1415
16353,3.1415
16354,3.1415
16355,3.1415
16356,3.1415
16357,3.1415
16358,3.1415
16359,3.1415
16360,3.1415
16361,3.1415
16362,3.1415
16363,3.1415
16364,3.1415
16365,3.1415
16366,3.1415
16367,3.1415
16368,3.1415
16369,3.1415
16370,3.1415
16371,3.1415
16372,3.1415
16373,3.1415
16374,3.1415
16375,3.1415
16376,3.1415
16377,3.1415
16378,3.1415
16379,3.1415
16380,3.1415
16381,3.1415
16382,3.1415
16383,3.1415
16384,3.1415
16385,3.1415
16386,3.1415
16387,3.1415
16388,3.1415
16389,3.1415
16390,3.1415
16391,3.1415
16392,3.1415
16393,3.1415
16394,3.1415
16395,3.1415
16396,3.1415
16397,3.1415
16398,3.1415
16399,3.1415
16400,3.1415
16401,3.1415
16402,3.1415
16403,3.1415
16404,3.1415
16405,3.1415
16406,3.1415
16407,3.1415
16408,3.1415
16409,3.1415
16410,3.1415
16411,3.1415
16412,3.1415
16413,3.1415
16414,3.1415
16415,3.1415
16416,3.1415
16417,3.1415
16418,3.1415
16419,3.1415
16420,3.1415
16421,3.1415
16422,3.1415
16423,3.1415
16424,3.1415
16425,3.1415
16426,3.1415
16427,3.1415
16428,3.1415
16429,3.1415
16430,3.1415
16431,3.1415
16432,3.1415
16433,3.1415
16434,3.1415
16435,3.1415
16436,3.1415
16437,3.1415
16438,3.1415
16439,3.1415
16440,3.1415
16441,3.1415
16442,3.1415
16443,3.1415
16444,3.1415
16445,3.1415
16446,3.1415
16447,3.1415
16448,3.1415
16449,3.1415
16450,3.1415
16451,3.1415
16452,3.1415
16453,3.1415
16454,3.1415
16455,3.1415
16456,3.1415
16457,3.1415
16458,3.1415
16459,3.1415
16460,3.1415
16461,3.1415
16462,3.1415
16463,3.1415
16464,3.1415
16465,3.1415
16466,3.1415
16467,3.1415
16468,3.1415
16469,3.1415
16470,3.1415
16471,3.1415
16472,3.1415
16473,3.1415
16474,3.1415
16475,3.1415
16476,3.1415
16477,3.1415
16478,3.1415
16479,3.1415
16480,3.1415
16481,3.1415
16482,3.1415
16483,3.1415
16484,3.1415
16485,3.1415
16486,3.1415
16487,3.1415
16488,3.1415
16489,3.1415
16490,3.1415
16491,3.1415
16492,3.1415
16493,3.1415
16494,3.1415
16495,3.1415
16496,3.1415
16497,3.1415
16498,3.1415
16499,3.1415
16500,3.1415
16501,3.1415
16502,3.1415
16503,3.1415
16504,3.1415
16505,3.1415
16506,3.1415
16507,3.1415
16508,3.1415
16509,3.1415
16510,3.1415
16511,3.1415
16512,3.1415
16513,3.1415
16514,3.1415
16515,3.1415
16516,3.1415
16517,3.1415
16518,3.1415
16519,3.1415
16520,3.1415
16521,3.1415
16522,3.1415
16523,3.1415
16524,3.1415
16525,3.1415
16526,3.1415
16527,3.1415
16528,3.1415
16529,3.1415
16530,3.1415
16531,3.1415
16532,3.1415
16533,3.1415
16534,3.1415
16535,3.1415
16536,3.1415
16537,3.1415
16538,3.1415
16539,3.1415
16540,3.1415
16541,3.1415
16542,3.1415
16543,3.1415
16544,3.1415
16545,3.1415
16546,3.1415
16547,3.1415
16548,3.1415
16549,3.1415
16550,3.1415
16551,3.1415
16552,3.1415
16553,3.1415
16554,3.1415
16555,3.1415
16556,3.1415
16557,3.1415
16558,3.1415
16559,3.1415
16560,3.1415
16561,3.1415
16562,3.1415
16563,3.1415
16564,3.1415
16565,3.1415
16566,3.1415
16567,3.1415
16568,3.1415
16569,3.1415
16570,3.1415
16571,3.1415
16572,3.1415
16573,3.1415
16574,3.1415
16575,3.1415
16576,3.1415
16577,3.1415
16578,3.1415
16579,3.1415
16580,3.1415
16581,3.1415
16582,3.1415
16583,3.1415
16584,3.1415
16585,3.1415
16586,3.1415
16587,3.1415
16588,3.1415
16589,3.1415
16590,3.1415
16591,3.1415
16592,3.1415
16593,3.1415
16594,3.1415
16595,3.1415
16596,3.1415
16597,3.1415
16598,3.1415
16599,3.1415
16600,3.1415
16601,3.1415
16602,3.1415
16603,3.1415
16604,3.1415
16605,3.1415
16606,3.1415
16607,3.1415
16608,3.1415
16609,3.1415
16610,3.1415
16611,3.1415
16612,3.1415
16613,3.1415
16614,3.1415
16615,3.1415
16616,3.1415
16617,3.1415
16618,3.1415
16619,3.1415
16620,3.1415
16621,3.1415
16622,3.1415
16623,3.1415
16624,3.1415
16625,3.1415
16626,3.1415
16627,3.1415
16628,3.1415
16629,3.1415
16630,3.1415
16631,3.1415
16632,3.1415
16633,3.1415
16634,3.1415
16635,3.1415
16636,3.1415
16637,3.1415
16638,3.1415
16639,3.1415
16640,3.1415
16641,3.1415
16642,3.1415
16643,3.1415
16644,3.1415
16645,3.1415
16646,3.1415
16647,3.1415
16648,3.1415
16649,3.1415
16650,3.1415
16651,3.1415
16652,3.1415
16653,3.1415
16654,3.1415
16655,3.1415
16656,3.1415
16657,3.1415
16658,3.1415
16659,3.1415
16660,3.1415
16661,3.1415
16662,3.1415
16663,3.1415
16664,3.1415
16665,3.1415
16666,3.1415
16667,3.1415
16668,3.1415
16669,3.1415
16670,3.1415
16671,3.1415
16672,3.1415
16673,3.1415
16674,3.1415
16675,3.1415
16676,3.1415
16677,3.1415
16678,3.1415
16679,3.1415
16680,3.1415
16681,3.1415
16682,3.1415
16683,3.1415
16684,3.1415
16685,3.1415
16686,3.1415
16687,3.1415
16688,3.1415
16689,3.1415
16690,3.1415
16691,3.1415
16692,3.1415
16693,3.1415
16694,3.1415
16695,3.1415
16696,3.1415
16697,3.1415
16698,3.1415
16699,3.1415
16700,3.1415
16701,3.1415
16702,3.1415
16703,3.1415
16704,3.1415
16705,3.1415
16706,3.1415
16707,3.1415
16708,3.1415
16709,3.1415
16710,3.1415
16711,3.1415
16712,3.1415
16713,3.1415
16714,3.1415
16715,3.1415
16716,3.1415
16717,3.1415
16718,3.1415
16719,3.1415
16720,3.1415
16721,3.1415
16722,3.1415
16723,3.1415
16724,3.1415
16725,3.1415
16726,3.1415
16727,3.1415
16728,3.1415
16729,3.1415
16730,3.1415
16731,3.1415
16732,3.1415
16733,3.1415
16734,3.1415
16735,3.1415
16736,3.1415
16737,3.1415
16738,3.1415
16739,3.1415
16740,3.1415
16741,3.1415
16742,3.1415
16743,3.1415
16744,3.1415
16745,3.1415
16746,3.1415
16747,3.1415
16748,3.1415
16749,3.1415
16750,3.1415
16751,3.1415
16752,3.1415
16753,3.1415
16754,3.1415
16755,3.1415
16756,3.1415
16757,3.1415
16758,3.1415
16759,3.1415
16760,3.1415
16761,3.1415
16762,3.1415
16763,3.1415
16764,3.1415
16765,3.1415
16766,3.1415
16767,3.1415
16768,3.1415
16769,3.1415
16770,3.1415
16771,3.1415
16772,3.1415
16773,3.1415
16774,3.1415
16775,3.1415
16776,3.1415
16777,3.1415
16778,3.1415
16779,3.1415
16780,3.1415
16781,3.1415
16782,3.1415
16783,3.1415
16784,3.1415
16785,3.1415
16786,3.1415
16787,3.1415
16788,3.1415
16789,3.1415
16790,3.1415
16791,3.1415
16792,3.1415
16793,3.1415
16794,3.1415
16795,3.1415
16796,3.1415
16797,3.1415
16798,3.1415
16799,3.1415
16800,3.1415
16801,3.1415
16802,3.1415
16803,3.1415
16804,3.1415
16805,3.1415
16806,3.1415
16807,3.1415
16808,3.1415
16809,3.1415
16810,3.1415
16811,3.1415
16812,3.1415
16813,3.1415
16814,3.1415
16815,3.1415
16816,3.1415
16817,3.1415
16818,3.1415
16819,3.1415
16820,3.1415
16821,3.1415
16822,3.1415
16823,3.1415
16824,3.1415
16825,3.1415
16826,3.1415
16827,3.1415
16828,3.1415
16829,3.1415
16830,3.1415
16831,3.1415
16832,3.1415
16833,3.1415
16834,3.1415
16835,3.1415
16836,3.1415
16837,3.1415
16838,3.1415
16839,3.1415
16840,3.1415
16841,3.1415
16842,3.1415
16843,3.1415
16844,3.1415
16845,3.1415
16846,3.1415
16847,3.1415
16848,3.1415
16849,3.1415
16850,3.1415
16851,3.1415
16852,3.1415
16853,3.1415
16854,3.1415
16855,3.1415
16856,3.1415
16857,3.1415
16858,3.1415
16859,3.1415
16860,3.1415
16861,3.1415
16862,3.1415
16863,3.1415
16864,3.1415
16865,3.1415
16866,3.1415
16867,3.1415
16868,3.1415
16869,3.1415
16870,3.1415
16871,3.1415
16872,3.1415
16873,3.1415
16874,3.1415
16875,3.1415
16876,3.1415
16877,3.1415
16878,3.1415
16879,3.1415
16880,3.1415
16881,3.1415
16882,3.1415
16883,3.1415
16884,3.1415
16885,3.1415
16886,3.1415
16887,3.1415
16888,3.1415
16889,3.1415
16890,3.1415
16891,3.1415
16892,3.1415
16893,3.1415
16894,3.1415
16895,3.1415
16896,3.1415
16897,3.1415
16898,3.1415
16899,3.1415
16900,3.1415
16901,3.1415
16902,3.1415
16903,3.1415
16904,3.1415
16905,3.1415
16906,3.1415
16907,3.1415
16908,3.1415
16909,3.1415
16910,3.1415
16911,3.1415
16912,3.1415
16913,3.1415
16914,3.1415
16915,3.1415
16916,3.1415
16917,3.1415
16918,3.1415
16919,3.1415
16920,3.1415
16921,3.1415
16922,3.1415
16923,3.1415
16924,3.1415
16925,3.1415
16926,3.1415
16927,3.1415
16928,3.1415
16929,3.1415
16930,3.1415
16931,3.1415
16932,3.1415
16933,3.1415
16934,3.1415
16935,3.1415
16936,3.1415
16937,3.1415
16938,3.1415
16939,3.1415
16940,3.1415
16941,3.1415
16942,3.1415
16943,3.1415
16944,3.1415
16945,3.1415
16946,3.1415
16947,3.1415
16948,3.1415
16949,3.1415
16950,3.1415
16951,3.1415
16952,3.1415
16953,3.1415
16954,3.1415
16955,3.1415
16956,3.1415
16957,3.1415
16958,3.1415
16959,3.1415
16960,3.1415
16961,3.1415
16962,3.1415
16963,3.1415
16964,3.1415
16965,3.1415
16966,3.1415
16967,3.1415
16968,3.1415
16969,3.1415
16970,3.1415
16971,3.1415
16972,3.1415
16973,3.1415
16974,3.1415
16975,3.1415
16976,3.1415
16977,3.1415
16978,3.1415
16979,3.1415
16980,3.1415
16981,3.1415
16982,3.1415
16983,3.1415
16984,3.1415
16985,3.1415
16986,3.1415
16987,3.1415
16988,3.1415
16989,3.1415
16990,3.1415
16991,3.1415
16992,3.1415
16993,3.1415
16994,3.1415
16995,3.1415
16996,3.1415
16997,3.1415
16998,3.1415
16999,3.1415
17000,3.1415